procedimento,2022,total,municipio_ibge,competencia
0101020066 APLICACAO DE SELANTE (POR DENTE),1,1,130260,2022-05
0101020074 APLICACAO TOPICA DE FLUOR (INDIVIDUAL POR SESSAO),59,59,130260,2022-05
0101020082 EVIDENCIACAO DE PLACA BACTERIANA,17,17,130260,2022-05
0101020090 SELAMENTO PROVISORIO DE CAVIDADE DENTARIA,86,86,130260,2022-05
0101020104 ORIENTACAO DE HIGIENE BUCAL,458,458,130260,2022-05
0101040024 AVALIACAO ANTROPOMETRICA,3,3,130260,2022-05
0101040032 COLETA EXTERNA DE LEITE MATERNO (POR DOADORA),14,14,130260,2022-05
0201010020 BIOPSIA / PUNCAO DE TUMOR SUPERFICIAL DA PELE,75,75,130260,2022-05
0201010097 BIOPSIA DE CONJUNTIVA,6,6,130260,2022-05
0201010224 BIOPSIA DE GANGLIO LINFATICO,7,7,130260,2022-05
0201010232 BIOPSIA DE GLANDULA SALIVAR,12,12,130260,2022-05
0201010267 BIOPSIA DE LESAO DE PARTES MOLES (POR AGULHA / CEU ABERTO),1,1,130260,2022-05
0201010275 BIOPSIA DE MEDULA OSSEA,33,33,130260,2022-05
0201010313 BIOPSIA DE OSSO / CARTILAGEM DA CINTURA PELVICA (POR AGULHA / CEU ABERTO),1,1,130260,2022-05
0201010321 BIOPSIA DE OSSO / CARTILAGEM DE MEMBRO INFERIOR (POR AGULHA / CEU ABERTO),2,2,130260,2022-05
0201010330 BIOPSIA DE OSSO / CARTILAGEM DE MEMBRO SUPERIOR (POR AGULHA / CEU ABERTO),2,2,130260,2022-05
0201010372 BIOPSIA DE PELE E PARTES MOLES,315,315,130260,2022-05
0201010399 BIOPSIA DE PIRAMIDE NASAL,1,1,130260,2022-05
0201010402 BIOPSIA DE PLEURA (POR ASPIRACAO/AGULHA / PLEUROSCOPIA),2,2,130260,2022-05
0201010410 BIOPSIA DE PROSTATA VIA TRANSRETAL,20,20,130260,2022-05
0201010470 BIOPSIA DE TIREOIDE OU PARATIREOIDE - PAAF,147,147,130260,2022-05
0201010526 BIOPSIA DOS TECIDOS MOLES DA BOCA,8,8,130260,2022-05
0201010542 BIOPSIA PERCUTANEA ORIENTADA POR TOMOGRAFIA COMPUTADORIZADA / ULTRASSONOGRAFIA / RESSONANCIA MAGNE,3,3,130260,2022-05
0201010569 BIOPSIA/EXERESE DE NODULO DE MAMA,9,9,130260,2022-05
0201010585 PUNCAO ASPIRATIVA DE MAMA POR AGULHA FINA,7,7,130260,2022-05
0201010607 PUNCAO DE MAMA POR AGULHA GROSSA,32,32,130260,2022-05
0201010666 BIOPSIA DO COLO UTERINO,103,103,130260,2022-05
0201020033 COLETA DE MATERIAL DO COLO DE UTERO PARA EXAME CITOPATOLOGICO,127,127,130260,2022-05
0201020041 COLETA DE MATERIAL PARA EXAME LABORATORIAL,1450,1450,130260,2022-05
0202010023 DETERMINACAO DE CAPACIDADE DE FIXACAO DO FERRO,203,203,130260,2022-05
0202010031 DETERMINACAO DE CROMATOGRAFIA DE AMINOACIDOS,7,7,130260,2022-05
0202010040 DETERMINACAO DE CURVA GLICEMICA (2 DOSAGENS),317,317,130260,2022-05
0202010058 DETERMINACAO DE CURVA GLICEMICA C/ INDUCAO POR CORTISONA ( 5 DOSAGENS),1,1,130260,2022-05
0202010066 DETERMINACAO DE CURVA GLICEMICA C/ INDUCAO POR CORTISONA (4 DOSAGENS),1,1,130260,2022-05
0202010074 DETERMINACAO DE CURVA GLICEMICA CLASSICA (5 DOSAGENS),16,16,130260,2022-05
0202010082 DETERMINACAO DE OSMOLARIDADE,2,2,130260,2022-05
0202010090 DOSAGEM DE 5-NUCLEOTIDASE,2,2,130260,2022-05
0202010104 DOSAGEM DE ACETONA,734,734,130260,2022-05
0202010112 DOSAGEM DE ACIDO ASCORBICO,119,119,130260,2022-05
0202010120 DOSAGEM DE ACIDO URICO,4943,4943,130260,2022-05
0202010139 DOSAGEM DE ACIDO VANILMANDELICO,1,1,130260,2022-05
0202010147 DOSAGEM DE ALDOLASE,44,44,130260,2022-05
0202010155 DOSAGEM DE ALFA-1-ANTITRIPSINA,2,2,130260,2022-05
0202010163 DOSAGEM DE ALFA-1-GLICOPROTEINA ACIDA,12,12,130260,2022-05
0202010171 DOSAGEM DE ALFA-2-MACROGLOBULINA,1,1,130260,2022-05
0202010180 DOSAGEM DE AMILASE,828,828,130260,2022-05
0202010198 DOSAGEM DE AMONIA,1,1,130260,2022-05
0202010201 DOSAGEM DE BILIRRUBINA TOTAL E FRACOES,2459,2459,130260,2022-05
0202010210 DOSAGEM DE CALCIO,3417,3417,130260,2022-05
0202010228 DOSAGEM DE CALCIO IONIZAVEL,1281,1281,130260,2022-05
0202010252 DOSAGEM DE CERULOPLASMINA,7,7,130260,2022-05
0202010260 DOSAGEM DE CLORETO,1039,1039,130260,2022-05
0202010279 DOSAGEM DE COLESTEROL HDL,14464,14464,130260,2022-05
0202010287 DOSAGEM DE COLESTEROL LDL,11089,11089,130260,2022-05
0202010295 DOSAGEM DE COLESTEROL TOTAL,18640,18640,130260,2022-05
0202010317 DOSAGEM DE CREATININA,14079,14079,130260,2022-05
0202010325 DOSAGEM DE CREATINOFOSFOQUINASE (CPK),728,728,130260,2022-05
0202010333 DOSAGEM DE CREATINOFOSFOQUINASE FRACAO MB,300,300,130260,2022-05
0202010368 DOSAGEM DE DESIDROGENASE LATICA,429,429,130260,2022-05
0202010376 DOSAGEM DE DESIDROGENASE LATICA (ISOENZIMAS FRACIONADAS),2,2,130260,2022-05
0202010384 DOSAGEM DE FERRITINA,2646,2646,130260,2022-05
0202010392 DOSAGEM DE FERRO SERICO,2196,2196,130260,2022-05
0202010406 DOSAGEM DE FOLATO,494,494,130260,2022-05
0202010414 DOSAGEM DE FOSFATASE ACIDA TOTAL,3,3,130260,2022-05
0202010422 DOSAGEM DE FOSFATASE ALCALINA,2994,2994,130260,2022-05
0202010430 DOSAGEM DE FOSFORO,2443,2443,130260,2022-05
0202010457 DOSAGEM DE GALACTOSE,3,3,130260,2022-05
0202010465 DOSAGEM DE GAMA-GLUTAMIL-TRANSFERASE (GAMA GT),3382,3382,130260,2022-05
0202010473 DOSAGEM DE GLICOSE,17603,17603,130260,2022-05
0202010481 DOSAGEM DE GLICOSE-6-FOSFATO DESIDROGENASE,5,5,130260,2022-05
0202010503 DOSAGEM DE HEMOGLOBINA GLICOSILADA,7096,7096,130260,2022-05
0202010538 DOSAGEM DE LACTATO,30,30,130260,2022-05
0202010546 DOSAGEM DE LEUCINO-AMINOPEPTIDASE,1,1,130260,2022-05
0202010554 DOSAGEM DE LIPASE,485,485,130260,2022-05
0202010562 DOSAGEM DE MAGNESIO,1977,1977,130260,2022-05
0202010570 DOSAGEM DE MUCO-PROTEINAS,66,66,130260,2022-05
0202010589 DOSAGEM DE PIRUVATO,6,6,130260,2022-05
0202010600 DOSAGEM DE POTASSIO,6393,6393,130260,2022-05
0202010619 DOSAGEM DE PROTEINAS TOTAIS,75,75,130260,2022-05
0202010627 DOSAGEM DE PROTEINAS TOTAIS E FRACOES,817,817,130260,2022-05
0202010635 DOSAGEM DE SODIO,4948,4948,130260,2022-05
0202010643 DOSAGEM DE TRANSAMINASE GLUTAMICO-OXALACETICA (TGO),9727,9727,130260,2022-05
0202010651 DOSAGEM DE TRANSAMINASE GLUTAMICO-PIRUVICA (TGP),10710,10710,130260,2022-05
0202010660 DOSAGEM DE TRANSFERRINA,669,669,130260,2022-05
0202010678 DOSAGEM DE TRIGLICERIDEOS,12279,12279,130260,2022-05
0202010686 DOSAGEM DE TRIPTOFANO,20,20,130260,2022-05
0202010694 DOSAGEM DE UREIA,14087,14087,130260,2022-05
0202010708 DOSAGEM DE VITAMINA B12,2979,2979,130260,2022-05
0202010716 ELETROFORESE DE LIPOPROTEINAS,6,6,130260,2022-05
0202010724 ELETROFORESE DE PROTEINAS,76,76,130260,2022-05
0202010732 GASOMETRIA (PH PCO2 PO2 BICARBONATO AS2 (EXCESSO OU DEFICIT BASE ),234,234,130260,2022-05
0202010759 TESTE DE TOLERANCIA A INSULINA / HIPOGLICEMIANTES ORAIS,29,29,130260,2022-05
0202010767 DOSAGEM DE 25 HIDROXIVITAMINA D,6710,6710,130260,2022-05
0202020029 CONTAGEM DE PLAQUETAS,1073,1073,130260,2022-05
0202020037 CONTAGEM DE RETICULOCITOS,77,77,130260,2022-05
0202020061 DETERMINACAO DE SULFO-HEMOGLOBINA,1,1,130260,2022-05
0202020070 DETERMINACAO DE TEMPO DE COAGULACAO,2150,2150,130260,2022-05
0202020096 DETERMINACAO DE TEMPO DE SANGRAMENTO -DUKE,1961,1961,130260,2022-05
0202020100 DETERMINACAO DE TEMPO DE SANGRAMENTO DE IVY,121,121,130260,2022-05
0202020118 DETERMINACAO DE TEMPO DE SOBREVIDA DE HEMACIAS,1,1,130260,2022-05
0202020126 DETERMINACAO DE TEMPO DE TROMBINA,114,114,130260,2022-05
0202020134 DETERMINACAO DE TEMPO DE TROMBOPLASTINA PARCIAL ATIVADA (TTP ATIVADA),1375,1375,130260,2022-05
0202020142 DETERMINACAO DE TEMPO E ATIVIDADE DA PROTROMBINA (TAP),2242,2242,130260,2022-05
0202020150 DETERMINACAO DE VELOCIDADE DE HEMOSSEDIMENTACAO (VHS),1861,1861,130260,2022-05
0202020169 DOSAGEM DE ANTICOAGULANTE CIRCULANTE,8,8,130260,2022-05
0202020177 DOSAGEM DE ANTITROMBINA III,2,2,130260,2022-05
0202020193 DOSAGEM DE FATOR IX,1,1,130260,2022-05
0202020207 DOSAGEM DE FATOR V,3,3,130260,2022-05
0202020223 DOSAGEM DE FATOR VIII,2,2,130260,2022-05
0202020240 DOSAGEM DE FATOR VON WILLEBRAND (ANTIGENO),5,5,130260,2022-05
0202020290 DOSAGEM DE FIBRINOGENIO,40,40,130260,2022-05
0202020304 DOSAGEM DE HEMOGLOBINA,48,48,130260,2022-05
0202020355 ELETROFORESE DE HEMOGLOBINA,242,242,130260,2022-05
"0202020363 ERITROGRAMA (ERITROCITOS, HEMOGLOBINA, HEMATOCRITO)",394,394,130260,2022-05
0202020371 HEMATOCRITO,84,84,130260,2022-05
0202020380 HEMOGRAMA COMPLETO,21231,21231,130260,2022-05
0202020398 LEUCOGRAMA,55,55,130260,2022-05
0202020401 PESQUISA DE ATIVIDADE DO COFATOR DE RISTOCETINA,1,1,130260,2022-05
0202020410 PESQUISA DE CELULAS LE,8,8,130260,2022-05
0202020436 PESQUISA DE FILARIA,17,17,130260,2022-05
0202020452 PESQUISA DE PLASMODIO,163,163,130260,2022-05
0202020487 PROVA DE CONSUMO DE PROTROMBINA,3,3,130260,2022-05
0202020495 PROVA DE RETRACAO DO COAGULO,1670,1670,130260,2022-05
0202020509 PROVA DO LACO,1420,1420,130260,2022-05
0202020525 TESTE DE AGREGACAO DE PLAQUETAS,2,2,130260,2022-05
0202020541 TESTE DIRETO DE ANTIGLOBULINA HUMANA (TAD),47,47,130260,2022-05
0202020576 PESQUISA DE ANTICOAGULANTE LUPICO,4,4,130260,2022-05
0202030016 CONTAGEM DE LINFOCITOS B,2,2,130260,2022-05
0202030024 CONTAGEM DE LINFOCITOS CD4/CD8,1472,1472,130260,2022-05
0202030032 CONTAGEM DE LINFOCITOS T TOTAIS,4,4,130260,2022-05
0202030040 DETECCAO DE ACIDOS NUCLEICOS DO HIV-1 (QUALITATIVO),7,7,130260,2022-05
0202030059 DETECCAO DE RNA DO VIRUS DA HEPATITE C (QUALITATIVO),24,24,130260,2022-05
0202030067 DETERMINACAO DE COMPLEMENTO (CH50),29,29,130260,2022-05
0202030075 DETERMINACAO DE FATOR REUMATOIDE,984,984,130260,2022-05
0202030083 DETERMINACAO QUANTITATIVA DE PROTEINA C REATIVA,863,863,130260,2022-05
0202030091 DOSAGEM DE ALFA-FETOPROTEINA,76,76,130260,2022-05
0202030105 DOSAGEM DE ANTIGENO PROSTATICO ESPECIFICO (PSA),3072,3072,130260,2022-05
0202030113 DOSAGEM DE BETA-2-MICROGLOBULINA,11,11,130260,2022-05
0202030121 DOSAGEM DE COMPLEMENTO C3,155,155,130260,2022-05
0202030130 DOSAGEM DE COMPLEMENTO C4,170,170,130260,2022-05
0202030148 DOSAGEM DE CRIOAGLUTININA,1,1,130260,2022-05
0202030156 DOSAGEM DE IMUNOGLOBULINA A (IGA),52,52,130260,2022-05
0202030164 DOSAGEM DE IMUNOGLOBULINA E (IGE),169,169,130260,2022-05
0202030180 DOSAGEM DE IMUNOGLOBULINA M (IGM),41,41,130260,2022-05
0202030199 DOSAGEM DE INIBIDOR DE C1-ESTERASE,1,1,130260,2022-05
0202030202 DOSAGEM DE PROTEINA C REATIVA,3015,3015,130260,2022-05
0202030237 IMUNOFENOTIPAGEM DE HEMOPATIAS MALIGNAS (POR MARCADOR),140,140,130260,2022-05
0202030245 INTRADERMORREACAO COM DERIVADO PROTEICO PURIFICADO (PPD),1,1,130260,2022-05
0202030253 PESQUISA DE ANTICORPO IGG ANTICARDIOLIPINA,36,36,130260,2022-05
0202030261 PESQUISA DE ANTICORPO IGM ANTICARDIOLIPINA,30,30,130260,2022-05
0202030270 PESQUISA DE ANTICORPOS ANTI-DNA,128,128,130260,2022-05
0202030288 PESQUISA DE ANTICORPOS ANTI-HELICOBACTER PYLORI,52,52,130260,2022-05
0202030296 PESQUISA DE ANTICORPOS ANTI-HIV-1 (WESTERN BLOT),19,19,130260,2022-05
0202030300 PESQUISA DE ANTICORPOS ANTI-HIV-1 + HIV-2 (ELISA),6230,6230,130260,2022-05
0202030318 PESQUISA DE ANTICORPOS ANTI-HTLV-1 + HTLV-2,31,31,130260,2022-05
0202030326 PESQUISA DE ANTICORPOS ANTI-RIBONUCLEOPROTEINA (RNP),24,24,130260,2022-05
0202030342 PESQUISA DE ANTICORPOS ANTI-SM,52,52,130260,2022-05
0202030350 PESQUISA DE ANTICORPOS ANTI-SS-A (RO),87,87,130260,2022-05
0202030369 PESQUISA DE ANTICORPOS ANTI-SS-B (LA),82,82,130260,2022-05
0202030393 PESQUISA DE ANTICORPOS ANTIASPERGILLUS,1,1,130260,2022-05
0202030423 PESQUISA DE ANTICORPOS ANTICLAMIDIA (POR IMUNOFLUORESCENCIA),2,2,130260,2022-05
0202030458 PESQUISA DE ANTICORPOS ANTIESCLERODERMA (SCL 70),6,6,130260,2022-05
0202030474 PESQUISA DE ANTICORPOS ANTIESTREPTOLISINA O (ASLO),723,723,130260,2022-05
0202030512 PESQUISA DE ANTICORPOS ANTIILHOTA DE LANGERHANS,2,2,130260,2022-05
0202030520 PESQUISA DE ANTICORPOS ANTIINSULINA,3,3,130260,2022-05
0202030539 PESQUISA DE ANTICORPOS ANTILEPTOSPIRAS,2,2,130260,2022-05
0202030555 PESQUISA DE ANTICORPOS ANTIMICROSSOMAS,282,282,130260,2022-05
0202030563 PESQUISA DE ANTICORPOS ANTIMITOCONDRIA,12,12,130260,2022-05
0202030580 PESQUISA DE ANTICORPOS ANTIMUSCULO LISO,16,16,130260,2022-05
0202030598 PESQUISA DE ANTICORPOS ANTINUCLEO,859,859,130260,2022-05
0202030601 PESQUISA DE ANTICORPOS ANTIPARIETAIS,1,1,130260,2022-05
0202030610 PESQUISA DE ANTICORPOS ANTIPLASMODIOS,2,2,130260,2022-05
0202030628 PESQUISA DE ANTICORPOS ANTITIREOGLOBULINA,109,109,130260,2022-05
0202030636 PESQUISA DE ANTICORPOS CONTRA ANTIGENO DE SUPERFICIE DO VIRUS DA HEPATITE B (ANTI-HBS),938,938,130260,2022-05
0202030644 PESQUISA DE ANTICORPOS CONTRA ANTIGENO E DO VIRUS DA HEPATITE B (ANTI-HBE),90,90,130260,2022-05
0202030652 PESQUISA DE ANTICORPOS CONTRA HISTOPLASMA,1,1,130260,2022-05
0202030660 PESQUISA DE ANTICORPOS CONTRA O SPOROTRIX SCHENKII,1,1,130260,2022-05
0202030679 PESQUISA DE ANTICORPOS CONTRA O VIRUS DA HEPATITE C (ANTI-HCV),4636,4636,130260,2022-05
0202030687 PESQUISA DE ANTICORPOS CONTRA O VIRUS DA HEPATITE D (ANTI-HDV),42,42,130260,2022-05
0202030695 PESQUISA DE ANTICORPOS CONTRA O VIRUS DO SARAMPO,11,11,130260,2022-05
0202030733 PESQUISA DE ANTICORPOS HETEROFILOS CONTA O VIRUS EPSTEIN-BARR,3,3,130260,2022-05
0202030741 PESQUISA DE ANTICORPOS IGG ANTICITOMEGALOVIRUS,166,166,130260,2022-05
0202030750 PESQUISA DE ANTICORPOS IGG ANTILEISHMANIAS,2,2,130260,2022-05
0202030768 PESQUISA DE ANTICORPOS IGG ANTITOXOPLASMA,405,405,130260,2022-05
0202030776 PESQUISA DE ANTICORPOS IGG ANTITRYPANOSOMA CRUZI,5,5,130260,2022-05
0202030784 PESQUISA DE ANTICORPOS IGG E IGM CONTRA ANTIGENO CENTRAL DO VIRUS DA HEPATITE B (ANTI-HBC-TOTAL),403,403,130260,2022-05
0202030792 PESQUISA DE ANTICORPOS IGG CONTRA ARBOVIRUS,96,96,130260,2022-05
0202030806 PESQUISA DE ANTICORPOS IGG CONTRA O VIRUS DA HEPATITE A (HAV-IGG),109,109,130260,2022-05
0202030814 PESQUISA DE ANTICORPOS IGG CONTRA O VIRUS DA RUBEOLA,131,131,130260,2022-05
0202030822 PESQUISA DE ANTICORPOS IGG CONTRA O VIRUS DA VARICELA-HERPES ZOSTER,13,13,130260,2022-05
0202030830 PESQUISA DE ANTICORPOS IGG CONTRA O VIRUS EPSTEIN-BARR,10,10,130260,2022-05
0202030849 PESQUISA DE ANTICORPOS IGG CONTRA O VIRUS HERPES SIMPLES,69,69,130260,2022-05
0202030857 PESQUISA DE ANTICORPOS IGM ANTICITOMEGALOVIRUS,168,168,130260,2022-05
0202030865 PESQUISA DE ANTICORPOS IGM ANTILEISHMANIAS,2,2,130260,2022-05
0202030873 PESQUISA DE ANTICORPOS IGM ANTITOXOPLASMA,542,542,130260,2022-05
0202030881 PESQUISA DE ANTICORPOS IGM ANTITRYPANOSOMA CRUZI,6,6,130260,2022-05
0202030890 PESQUISA DE ANTICORPOS IGM CONTRA ANTIGENO CENTRAL DO VIRUS DA HEPATITE B (ANTI-HBC-IGM),246,246,130260,2022-05
0202030903 PESQUISA DE ANTICORPOS IGM CONTRA ARBOVIRUS,34,34,130260,2022-05
0202030911 PESQUISA DE ANTICORPOS IGM CONTRA O VIRUS DA HEPATITE A (HAV-IGG),100,100,130260,2022-05
0202030920 PESQUISA DE ANTICORPOS IGM CONTRA O VIRUS DA RUBEOLA,130,130,130260,2022-05
0202030938 PESQUISA DE ANTICORPOS IGM CONTRA O VIRUS DA VARICELA-HERPES ZOSTER,13,13,130260,2022-05
0202030946 PESQUISA DE ANTICORPOS IGM CONTRA O VIRUS EPSTEIN-BARR,10,10,130260,2022-05
0202030954 PESQUISA DE ANTICORPOS IGM CONTRA O VIRUS HERPES SIMPLES,53,53,130260,2022-05
0202030962 PESQUISA DE ANTIGENO CARCINOEMBRIONARIO (CEA),141,141,130260,2022-05
0202030970 PESQUISA DE ANTIGENO DE SUPERFICIE DO VIRUS DA HEPATITE B (HBSAG),2020,2020,130260,2022-05
0202030989 PESQUISA DE ANTIGENO E DO VIRUS DA HEPATITE B (HBEAG),132,132,130260,2022-05
0202030997 DETECCAO DE CLAMIDIA E GONOCOCO POR BIOLOGIA MOLECULAR,1,1,130260,2022-05
0202031004 PESQUISA DE CRIOGLOBULINAS,2,2,130260,2022-05
0202031012 PESQUISA DE FATOR REUMATOIDE (WAALER-ROSE),366,366,130260,2022-05
0202031020 PESQUISA DE HIV-1 POR IMUNOFLUORESCENCIA,576,576,130260,2022-05
0202031039 PESQUISA DE IMUNOGLOBULINA E (IGE) ALERGENO-ESPECIFICA,764,764,130260,2022-05
0202031047 PESQUISA DE TRYPANOSOMA CRUZI (POR IMUNOFLUORESCENCIA),19,19,130260,2022-05
0202031055 PROVAS DE PRAUSNITZ-KUSTNER (PK),1,1,130260,2022-05
0202031063 PROVAS IMUNO-ALERGICAS BACTERIANAS,1,1,130260,2022-05
0202031071 QUANTIFICACAO DE RNA DO HIV-1,1989,1989,130260,2022-05
0202031080 QUANTIFICACAO DE RNA DO VIRUS DA HEPATITE C,145,145,130260,2022-05
0202031098 TESTE TREPONEMICO P/ DETECCAO DE SIFILIS,160,160,130260,2022-05
0202031101 REACAO DE MONTENEGRO ID,3,3,130260,2022-05
0202031110 TESTE NAO TREPONEMICO P/ DETECCAO DE SIFILIS,3359,3359,130260,2022-05
0202031128 TESTE FTA-ABS IGG P/ DIAGNOSTICO DA SIFILIS,136,136,130260,2022-05
0202031136 TESTE FTA-ABS IGM P/ DIAGNOSTICO DA SIFILIS,140,140,130260,2022-05
0202031179 TESTE NAO TREPONEMICO P/ DETECCAO DE SIFILIS EM GESTANTES,5309,5309,130260,2022-05
0202031187 DOSAGEM DE ANTICORPOS ANTITRANSGLUTAMINAISE RECOMBINANTE HUMANO IGA,14,14,130260,2022-05
0202031209 DOSAGEM DE TROPONINA,531,531,130260,2022-05
0202031217 DOSAGEM DO ANTIGENO CA 125,150,150,130260,2022-05
0202031250 DETECCAO DE RNA DO HTLV-1,1,1,130260,2022-05
0202031268 PESQUISA DE ANTICORPOS ANTICORPOS ANTI-HTLV-1 (WESTERN-BLOT),3,3,130260,2022-05
0202040020 DOSAGEM DE GORDURA FECAL,1,1,130260,2022-05
0202040038 EXAME COPROLOGICO FUNCIONAL,196,196,130260,2022-05
0202040054 PESQUISA DE ENTEROBIUS VERMICULARES (OXIURUS OXIURA),17,17,130260,2022-05
0202040062 PESQUISA DE EOSINOFILOS,1,1,130260,2022-05
0202040070 PESQUISA DE GORDURA FECAL,2,2,130260,2022-05
0202040089 PESQUISA DE LARVAS NAS FEZES,1154,1154,130260,2022-05
0202040097 PESQUISA DE LEUCOCITOS NAS FEZES,150,150,130260,2022-05
0202040100 PESQUISA DE LEVEDURAS NAS FEZES,44,44,130260,2022-05
0202040119 PESQUISA DE OVOS DE SCHISTOSOMAS (EM FRAGMENTO DE MUCOSA),4,4,130260,2022-05
0202040127 PESQUISA DE OVOS E CISTOS DE PARASITAS,7597,7597,130260,2022-05
0202040135 PESQUISA DE ROTAVIRUS NAS FEZES,309,309,130260,2022-05
0202040143 PESQUISA DE SANGUE OCULTO NAS FEZES,395,395,130260,2022-05
0202040151 PESQUISA DE SUBSTANCIAS REDUTORAS NAS FEZES,4,4,130260,2022-05
0202040160 PESQUISA DE TRIPSINA NAS FEZES,3,3,130260,2022-05
0202040178 PESQUISA DE TROFOZOITAS NAS FEZES,84,84,130260,2022-05
"0202050017 ANALISE DE CARACTERES FISICOS, ELEMENTOS E SEDIMENTO DA URINA",15954,15954,130260,2022-05
0202050025 CLEARANCE DE CREATININA,212,212,130260,2022-05
0202050041 CLEARANCE DE UREIA,178,178,130260,2022-05
0202050084 DOSAGEM DE CITRATO,33,33,130260,2022-05
0202050092 DOSAGEM DE MICROALBUMINA NA URINA,446,446,130260,2022-05
0202050106 DOSAGEM DE OXALATO,22,22,130260,2022-05
0202050114 DOSAGEM DE PROTEINAS (URINA DE 24 HORAS),334,334,130260,2022-05
0202050165 PESQUISA DE AMINOACIDOS NA URINA,1,1,130260,2022-05
0202050190 PESQUISA DE CISTINA NA URINA,6,6,130260,2022-05
0202050203 PESQUISA DE COPROPORFIRINA NA URINA,3,3,130260,2022-05
0202050211 PESQUISA DE ERROS INATOS DO METABOLISMO NA URINA,5,5,130260,2022-05
0202050220 PESQUISA DE FENIL-CETONA NA URINA,2,2,130260,2022-05
0202050254 PESQUISA DE GONADOTROFINA CORIONICA,112,112,130260,2022-05
0202050262 PESQUISA DE HOMOCISTINA NA URINA,5,5,130260,2022-05
0202050270 PESQUISA DE LACTOSE NA URINA,1,1,130260,2022-05
0202050300 PESQUISA DE PROTEINAS URINARIAS (POR ELETROFORESE),5,5,130260,2022-05
0202050327 PROVA DE DILUICAO (URINA),6,6,130260,2022-05
0202060012 DETERMINACAO DE INDICE DE TIROXINA LIVRE,3,3,130260,2022-05
0202060020 DETERMINACAO DE RETENCAO DE T3,66,66,130260,2022-05
0202060039 DETERMINACAO DE T3 REVERSO,32,32,130260,2022-05
0202060047 DOSAGEM DE 17-ALFA-HIDROXIPROGESTERONA,47,47,130260,2022-05
0202060055 DOSAGEM DE 17-CETOSTEROIDES TOTAIS,1,1,130260,2022-05
0202060071 DOSAGEM DE ACIDO 5-HIDROXI-INDOL-ACETICO (SEROTONINA),2,2,130260,2022-05
0202060080 DOSAGEM DE ADRENOCORTICOTROFICO (ACTH),49,49,130260,2022-05
0202060098 DOSAGEM DE ALDOSTERONA,13,13,130260,2022-05
0202060110 DOSAGEM DE ANDROSTENEDIONA,33,33,130260,2022-05
0202060128 DOSAGEM DE CALCITONINA,4,4,130260,2022-05
0202060136 DOSAGEM DE CORTISOL,200,200,130260,2022-05
0202060144 DOSAGEM DE DEHIDROEPIANDROSTERONA (DHEA),35,35,130260,2022-05
0202060152 DOSAGEM DE DIHIDROTESTOTERONA (DHT),18,18,130260,2022-05
0202060160 DOSAGEM DE ESTRADIOL,910,910,130260,2022-05
0202060179 DOSAGEM DE ESTRIOL,78,78,130260,2022-05
0202060187 DOSAGEM DE ESTRONA,88,88,130260,2022-05
0202060195 DOSAGEM DE GASTRINA,1,1,130260,2022-05
"0202060217 DOSAGEM DE GONADOTROFINA CORIONICA HUMANA (HCG, BETA HCG)",510,510,130260,2022-05
0202060225 DOSAGEM DE HORMONIO DE CRESCIMENTO (HGH),43,43,130260,2022-05
0202060233 DOSAGEM DE HORMONIO FOLICULO-ESTIMULANTE (FSH),1546,1546,130260,2022-05
0202060241 DOSAGEM DE HORMONIO LUTEINIZANTE (LH),1273,1273,130260,2022-05
0202060250 DOSAGEM DE HORMONIO TIREOESTIMULANTE (TSH),8265,8265,130260,2022-05
0202060268 DOSAGEM DE INSULINA,706,706,130260,2022-05
0202060276 DOSAGEM DE PARATORMONIO,556,556,130260,2022-05
0202060284 DOSAGEM DE PEPTIDEO C,35,35,130260,2022-05
0202060292 DOSAGEM DE PROGESTERONA,534,534,130260,2022-05
0202060306 DOSAGEM DE PROLACTINA,614,614,130260,2022-05
0202060314 DOSAGEM DE RENINA,8,8,130260,2022-05
0202060322 DOSAGEM DE SOMATOMEDINA C (IGF1),141,141,130260,2022-05
0202060330 DOSAGEM DE SULFATO DE HIDROEPIANDROSTERONA (DHEAS),48,48,130260,2022-05
0202060349 DOSAGEM DE TESTOSTERONA,534,534,130260,2022-05
0202060357 DOSAGEM DE TESTOSTERONA LIVRE,680,680,130260,2022-05
0202060365 DOSAGEM DE TIREOGLOBULINA,47,47,130260,2022-05
0202060373 DOSAGEM DE TIROXINA (T4),1875,1875,130260,2022-05
0202060381 DOSAGEM DE TIROXINA LIVRE (T4 LIVRE),7449,7449,130260,2022-05
0202060390 DOSAGEM DE TRIIODOTIRONINA (T3),2638,2638,130260,2022-05
0202060403 TESTE DE ESTIMULO DA PROLACTINA / TSH APOS TRH,32,32,130260,2022-05
0202060420 TESTE DE ESTIMULO COM GNRH OU COM AGONISTA GNRH,1,1,130260,2022-05
0202060438 TESTE DE ESTIMULO DO HGH APOS GLUCAGON,1,1,130260,2022-05
0202060446 TESTE DE SUPRESSAO DO CORTISOL APOS DEXAMETASONA,1,1,130260,2022-05
0202060454 TESTE DE SUPRESSAO DO HGH APOS GLICOSE,1,1,130260,2022-05
0202060470 PESQUISA DE MACROPROLACTINA,15,15,130260,2022-05
0202070050 DOSAGEM DE ACIDO VALPROICO,12,12,130260,2022-05
0202070085 DOSAGEM DE ALUMINIO,201,201,130260,2022-05
0202070123 DOSAGEM DE BARBITURATOS,1,1,130260,2022-05
0202070158 DOSAGEM DE CARBAMAZEPINA,3,3,130260,2022-05
0202070166 DOSAGEM DE CARBOXI-HEMOGLOBINA,1,1,130260,2022-05
0202070174 DOSAGEM DE CHUMBO,8,8,130260,2022-05
0202070182 DOSAGEM DE CICLOSPORINA,4,4,130260,2022-05
0202070190 DOSAGEM DE COBRE,33,33,130260,2022-05
"0202070204 DOSAGEM DE DIGITALICOS (DIGOXINA, DIGITOXINA)",2,2,130260,2022-05
0202070220 DOSAGEM DE FENITOINA,2,2,130260,2022-05
0202070239 DOSAGEM DE FENOL,1,1,130260,2022-05
0202070255 DOSAGEM DE LITIO,31,31,130260,2022-05
0202070263 DOSAGEM DE MERCURIO,4,4,130260,2022-05
0202070271 DOSAGEM DE META-HEMOGLOBINA,1,1,130260,2022-05
0202070352 DOSAGEM DE ZINCO,383,383,130260,2022-05
0202080013 ANTIBIOGRAMA,1311,1311,130260,2022-05
0202080021 ANTIBIOGRAMA C/ CONCENTRACAO INIBITORIA MINIMA,5,5,130260,2022-05
0202080030 ANTIBIOGRAMA P/ MICOBACTERIAS,19,19,130260,2022-05
0202080048 BACILOSCOPIA DIRETA P/ BAAR TUBERCULOSE (DIAGNOSTICA),45,45,130260,2022-05
0202080056 BACILOSCOPIA DIRETA P/ BAAR (HANSENIASE),3,3,130260,2022-05
0202080064 BACILOSCOPIA DIRETA P/ BAAR TUBERCULOS (CONTROLE),30,30,130260,2022-05
0202080072 BACTERIOSCOPIA (GRAM),159,159,130260,2022-05
0202080080 CULTURA DE BACTERIAS P/ IDENTIFICACAO,1597,1597,130260,2022-05
0202080102 CULTURA P/ HERPESVIRUS,1,1,130260,2022-05
0202080110 CULTURA PARA BAAR,23,23,130260,2022-05
0202080129 CULTURA PARA BACTERIAS ANAEROBICAS,567,567,130260,2022-05
0202080137 CULTURA PARA IDENTIFICACAO DE FUNGOS,39,39,130260,2022-05
0202080145 EXAME MICROBIOLOGICO A FRESCO (DIRETO),68,68,130260,2022-05
0202080153 HEMOCULTURA,124,124,130260,2022-05
0202080218 PESQUISA DE HELICOBACTER PYLORI,59,59,130260,2022-05
0202090043 CITOLOGIA P/ HERPESVIRUS,2,2,130260,2022-05
0202090051 CONTAGEM ESPECIFICA DE CELULAS NO LIQUOR,1,1,130260,2022-05
0202090078 DETERMINACAO DE FOSFOLIPIDIOS RELACAO LECITINA - ESFINGOMIELINA NO LIQUIDO AMNIOTICO,2,2,130260,2022-05
0202090108 DOSAGEM DE FRUTOSE,8,8,130260,2022-05
0202090175 ESPLENOGRAMA,1,1,130260,2022-05
0202090213 PESQUISA DE ANTICORPOS ANTIESPERMATOZOIDES ( ELISA ),2,2,130260,2022-05
0202090264 PESQUISA DE ESPERMATOZOIDES (APOS VASECTOMIA),10,10,130260,2022-05
"0202090299 PROVA DO LATEX P/ HAEMOPHILLUS INFLUENZAE, STREPTOCOCCUS PNEUMONIAE, NEISSERIA MENINGITIDIS (SOROTIP",1,1,130260,2022-05
0202090302 PROVA DO LATEX P/ PESQUISA DO FATOR REUMATOIDE,518,518,130260,2022-05
0202090353 TESTE DE HOLLANDER NO SUCO GASTRICO,1,1,130260,2022-05
0202090361 TESTE MOLECULAR PARA A DETECCAO DO COMPLEXO MYCOBACTERIUM TUBERCULOSIS,70,70,130260,2022-05
0202100014 DETERMINACAO DE CARIOTIPO EM CULTURA DE LONGA DURACAO (C/ TECNICA DE BANDAS),1,1,130260,2022-05
0202100030 DETERMINACAO DE CARIOTIPO EM SANGUE PERIFERICO (C/ TECNICA DE BANDAS),25,25,130260,2022-05
0202100049 QUANTIFICACAO/AMPLIFICACAO DO HER-2,2,2,130260,2022-05
0202100219 DIAGNOSTICO DE LEUCEMIA CROMOSSOMA PHILADELPHIA POSITIVO POR TECNICA MOLECULAR,2,2,130260,2022-05
0202120015 DETERMINACAO DE ANTICORPOS ANTIPLAQUETARIOS,2,2,130260,2022-05
0202120023 DETERMINACAO DIRETA E REVERSA DE GRUPO ABO,1288,1288,130260,2022-05
0202120031 FENOTIPAGEM DE SISTEMA RH - HR,149,149,130260,2022-05
0202120040 IDENTIFICACAO DE ANTICORPOS SERICOS IRREGULARES C/ PAINEL DE HEMACIAS,2,2,130260,2022-05
0202120058 PESQUISA DE ANTICORPOS IRREGULARES PELO METODO DA ELUICAO,1,1,130260,2022-05
0202120066 PESQUISA DE ANTICORPOS SERICOS IRREGULARES 37OC,1,1,130260,2022-05
0202120082 PESQUISA DE FATOR RH (INCLUI D FRACO),892,892,130260,2022-05
0202120090 TESTE INDIRETO DE ANTIGLOBULINA HUMANA (TIA),55,55,130260,2022-05
0202120104 TITULACAO DE ANTICORPOS ANTI A E/OU ANTI B,1,1,130260,2022-05
0203010019 EXAME CITOPATOLOGICO CERVICO-VAGINAL/MICROFLORA,2609,2609,130260,2022-05
0203010035 EXAME DE CITOLOGIA (EXCETO CERVICO-VAGINAL E DE MAMA),4,4,130260,2022-05
0203010078 CONTROLE DE QUALIDADE DO EXAME CITOPATOLOGICO CERVICO VAGINAL,3,3,130260,2022-05
0203010086 EXAME CITOPATOLOGICO CERVICO VAGINAL/MICROFLORA-RASTREAMENTO,12677,12677,130260,2022-05
0203020030 EXAME ANATOMO-PATOLOGICO PARA CONGELAMENTO / PARAFINA POR PECA CIRURGICA OU POR BIOPSIA (EXCETO COL,1173,1173,130260,2022-05
0203020049 IMUNOHISTOQUIMICA DE NEOPLASIAS MALIGNAS (POR MARCADOR),25,25,130260,2022-05
0203020065 EXAME ANATOMOPATOLOGICO DE MAMA - BIOPSIA,2,2,130260,2022-05
0204010055 RADIOGRAFIA DE ARTICULACAO TEMPORO-MANDIBULAR BILATERAL,8,8,130260,2022-05
0204010063 RADIOGRAFIA DE CAVUM (LATERAL + HIRTZ),50,50,130260,2022-05
0204010071 RADIOGRAFIA DE CRANIO (PA + LATERAL + OBLIQUA / BRETTON + HIRTZ),59,59,130260,2022-05
0204010080 RADIOGRAFIA DE CRANIO (PA + LATERAL),120,120,130260,2022-05
0204010098 RADIOGRAFIA DE LARINGE,2,2,130260,2022-05
0204010101 RADIOGRAFIA DE MASTOIDE / ROCHEDOS (BILATERAL),1,1,130260,2022-05
0204010110 RADIOGRAFIA DE MAXILAR (PA + OBLIQUA),1,1,130260,2022-05
0204010128 RADIOGRAFIA DE OSSOS DA FACE (MN + LATERAL + HIRTZ),22,22,130260,2022-05
0204010144 RADIOGRAFIA DE SEIOS DA FACE (FN + MN + LATERAL + HIRTZ),173,173,130260,2022-05
0204010152 RADIOGRAFIA DE SELA TURSICA (PA + LATERAL + BRETTON),1,1,130260,2022-05
0204010160 RADIOGRAFIA OCLUSAL,1,1,130260,2022-05
0204010179 RADIOGRAFIA PANORAMICA,25,25,130260,2022-05
0204010225 RADIOGRAFIA PERIAPICAL,510,510,130260,2022-05
0204020034 RADIOGRAFIA DE COLUNA CERVICAL (AP + LATERAL + TO + OBLIQUAS),122,122,130260,2022-05
0204020042 RADIOGRAFIA DE COLUNA CERVICAL (AP + LATERAL + TO / FLEXAO),69,69,130260,2022-05
0204020050 RADIOGRAFIA DE COLUNA CERVICAL FUNCIONAL / DINAMICA,31,31,130260,2022-05
0204020069 RADIOGRAFIA DE COLUNA LOMBO-SACRA,473,473,130260,2022-05
0204020077 RADIOGRAFIA DE COLUNA LOMBO-SACRA (C/ OBLIQUAS),20,20,130260,2022-05
0204020085 RADIOGRAFIA DE COLUNA LOMBO-SACRA FUNCIONAL / DINAMICA,19,19,130260,2022-05
0204020093 RADIOGRAFIA DE COLUNA TORACICA (AP + LATERAL),287,287,130260,2022-05
0204020107 RADIOGRAFIA DE COLUNA TORACO-LOMBAR,305,305,130260,2022-05
0204020115 RADIOGRAFIA DE COLUNA TORACO-LOMBAR DINAMICA,12,12,130260,2022-05
0204020123 RADIOGRAFIA DE REGIAO SACRO-COCCIGEA,9,9,130260,2022-05
0204020131 RADIOGRAFIA PANORAMICA DE COLUNA TOTAL- TELESPONDILOGRAFIA ( P/ ESCOLIOSE),7,7,130260,2022-05
0204030030 MAMOGRAFIA,142,142,130260,2022-05
0204030072 RADIOGRAFIA DE COSTELAS (POR HEMITORAX),19,19,130260,2022-05
0204030080 RADIOGRAFIA DE ESOFAGO,8,8,130260,2022-05
0204030137 RADIOGRAFIA DE TORAX (PA + INSPIRACAO + EXPIRACAO + LATERAL),40,40,130260,2022-05
0204030145 RADIOGRAFIA DE TORAX (PA + LATERAL + OBLIQUA),456,456,130260,2022-05
0204030153 RADIOGRAFIA DE TORAX (PA E PERFIL),2052,2052,130260,2022-05
0204030161 RADIOGRAFIA DE TORAX (PA PADRAO OIT),8,8,130260,2022-05
0204030170 RADIOGRAFIA DE TORAX (PA),879,879,130260,2022-05
0204030188 MAMOGRAFIA BILATERAL PARA RASTREAMENTO,877,877,130260,2022-05
0204040019 RADIOGRAFIA DE ANTEBRACO,125,125,130260,2022-05
0204040027 RADIOGRAFIA DE ARTICULACAO ACROMIO-CLAVICULAR,4,4,130260,2022-05
0204040035 RADIOGRAFIA DE ARTICULACAO ESCAPULO-UMERAL,49,49,130260,2022-05
0204040051 RADIOGRAFIA DE BRACO,68,68,130260,2022-05
0204040060 RADIOGRAFIA DE CLAVICULA,26,26,130260,2022-05
0204040078 RADIOGRAFIA DE COTOVELO,99,99,130260,2022-05
0204040086 RADIOGRAFIA DE DEDOS DA MAO,23,23,130260,2022-05
0204040094 RADIOGRAFIA DE MAO,255,255,130260,2022-05
0204040108 RADIOGRAFIA DE MAO E PUNHO (P/ DETERMINACAO DE IDADE OSSEA),88,88,130260,2022-05
0204040116 RADIOGRAFIA DE ESCAPULA/OMBRO (TRES POSICOES),239,239,130260,2022-05
0204040124 RADIOGRAFIA DE PUNHO (AP + LATERAL + OBLIQUA),229,229,130260,2022-05
0204050014 CLISTER OPACO C/ DUPLO CONTRASTE,1,1,130260,2022-05
0204050111 RADIOGRAFIA DE ABDOMEN (AP + LATERAL / LOCALIZADA),30,30,130260,2022-05
0204050120 RADIOGRAFIA DE ABDOMEN AGUDO (MINIMO DE 3 INCIDENCIAS),38,38,130260,2022-05
0204050138 RADIOGRAFIA DE ABDOMEN SIMPLES (AP),180,180,130260,2022-05
0204060028 DENSITOMETRIA OSSEA DUO-ENERGETICA DE COLUNA (VERTEBRAS LOMBARES E/OU FEMUR),576,576,130260,2022-05
0204060036 ESCANOMETRIA,70,70,130260,2022-05
0204060060 RADIOGRAFIA DE ARTICULACAO COXO-FEMORAL,52,52,130260,2022-05
0204060079 RADIOGRAFIA DE ARTICULACAO SACRO-ILIACA,30,30,130260,2022-05
0204060087 RADIOGRAFIA DE ARTICULACAO TIBIO-TARSICA,182,182,130260,2022-05
0204060095 RADIOGRAFIA DE BACIA,294,294,130260,2022-05
0204060109 RADIOGRAFIA DE CALCANEO,68,68,130260,2022-05
0204060117 RADIOGRAFIA DE COXA,103,103,130260,2022-05
0204060125 RADIOGRAFIA DE JOELHO (AP + LATERAL),426,426,130260,2022-05
0204060133 RADIOGRAFIA DE JOELHO OU PATELA (AP + LATERAL + AXIAL),154,154,130260,2022-05
0204060141 RADIOGRAFIA DE JOELHO OU PATELA (AP + LATERAL + OBLIQUA + 3 AXIAIS),78,78,130260,2022-05
0204060150 RADIOGRAFIA DE PE / DEDOS DO PE,292,292,130260,2022-05
0204060168 RADIOGRAFIA DE PERNA,232,232,130260,2022-05
0204060176 RADIOGRAFIA PANORAMICA DE MEMBROS INFERIORES,81,81,130260,2022-05
0205010016 ECOCARDIOGRAFIA DE ESTRESSE,23,23,130260,2022-05
0205010032 ECOCARDIOGRAFIA TRANSTORACICA,1293,1293,130260,2022-05
0205010040 ULTRASSONOGRAFIA DOPPLER COLORIDO DE VASOS,1574,1574,130260,2022-05
0205010059 ULTRASSONOGRAFIA DOPPLER DE FLUXO OBSTETRICO,204,204,130260,2022-05
0205020020 PAQUIMETRIA ULTRASSONICA,1039,1039,130260,2022-05
0205020038 ULTRASSONOGRAFIA DE ABDOMEN SUPERIOR,321,321,130260,2022-05
0205020046 ULTRASSONOGRAFIA DE ABDOMEN TOTAL,5224,5224,130260,2022-05
0205020054 ULTRASSONOGRAFIA DE APARELHO URINARIO,1423,1423,130260,2022-05
0205020062 ULTRASSONOGRAFIA DE ARTICULACAO,3187,3187,130260,2022-05
0205020070 ULTRASSONOGRAFIA DE BOLSA ESCROTAL,163,163,130260,2022-05
0205020089 ULTRASSONOGRAFIA DE GLOBO OCULAR / ORBITA (MONOCULAR),844,844,130260,2022-05
0205020097 ULTRASSONOGRAFIA MAMARIA BILATERAL,1320,1320,130260,2022-05
0205020100 ULTRASSONOGRAFIA DE PROSTATA POR VIA ABDOMINAL,451,451,130260,2022-05
0205020119 ULTRASSONOGRAFIA DE PROSTATA (VIA TRANSRETAL),154,154,130260,2022-05
0205020127 ULTRASSONOGRAFIA DE TIREOIDE,1069,1069,130260,2022-05
0205020135 ULTRASSONOGRAFIA DE TORAX (EXTRACARDIACA),1,1,130260,2022-05
0205020143 ULTRASSONOGRAFIA OBSTETRICA,3708,3708,130260,2022-05
0205020151 ULTRASSONOGRAFIA OBSTETRICA C/ DOPPLER COLORIDO E PULSADO,90,90,130260,2022-05
0205020160 ULTRASSONOGRAFIA PELVICA (GINECOLOGICA),458,458,130260,2022-05
0205020178 ULTRASSONOGRAFIA TRANSFONTANELA,43,43,130260,2022-05
0205020186 ULTRASSONOGRAFIA TRANSVAGINAL,2620,2620,130260,2022-05
0206010010 TOMOGRAFIA COMPUTADORIZADA DE COLUNA CERVICAL C/ OU S/ CONTRASTE,212,212,130260,2022-05
0206010028 TOMOGRAFIA COMPUTADORIZADA DE COLUNA LOMBO-SACRA C/ OU S/ CONTRASTE,124,124,130260,2022-05
0206010036 TOMOGRAFIA COMPUTADORIZADA DE COLUNA TORACICA C/ OU S/ CONTRASTE,72,72,130260,2022-05
0206010044 TOMOGRAFIA COMPUTADORIZADA DE FACE / SEIOS DA FACE / ARTICULACOES TEMPORO-MANDIBULARES,369,369,130260,2022-05
0206010052 TOMOGRAFIA COMPUTADORIZADA DO PESCOCO,158,158,130260,2022-05
0206010060 TOMOGRAFIA COMPUTADORIZADA DE SELA TURCICA,6,6,130260,2022-05
0206010079 TOMOGRAFIA COMPUTADORIZADA DO CRANIO,2453,2453,130260,2022-05
0206020015 TOMOGRAFIA COMPUTADORIZADA DE ARTICULACOES DE MEMBRO SUPERIOR,29,29,130260,2022-05
"0206020023 TOMOGRAFIA COMPUTADORIZADA DE SEGMENTOS APENDICULARES - (BRACO, ANTEBRACO, MAO, COXA, PERNA, PE)",27,27,130260,2022-05
0206020031 TOMOGRAFIA COMPUTADORIZADA DE TORAX,1598,1598,130260,2022-05
0206030010 TOMOGRAFIA COMPUTADORIZADA DE ABDOMEN SUPERIOR,2066,2066,130260,2022-05
0206030029 TOMOGRAFIA COMPUTADORIZADA DE ARTICULACOES DE MEMBRO INFERIOR,43,43,130260,2022-05
0206030037 TOMOGRAFIA COMPUTADORIZADA DE PELVE / BACIA / ABDOMEN INFERIOR,1450,1450,130260,2022-05
0207010013 ANGIORESSONANCIA CEREBRAL,57,57,130260,2022-05
0207010021 RESSONANCIA MAGNETICA DE ARTICULACAO TEMPORO-MANDIBULAR (BILATERAL),9,9,130260,2022-05
0207010030 RESSONANCIA MAGNETICA DE COLUNA CERVICAL/PESCOCO,260,260,130260,2022-05
0207010048 RESSONANCIA MAGNETICA DE COLUNA LOMBO-SACRA,783,783,130260,2022-05
0207010056 RESSONANCIA MAGNETICA DE COLUNA TORACICA,83,83,130260,2022-05
0207010064 RESSONANCIA MAGNETICA DE CRANIO,891,891,130260,2022-05
0207010072 RESSONANCIA MAGNETICA DE SELA TURCICA,36,36,130260,2022-05
0207020027 RESSONANCIA MAGNETICA DE MEMBRO SUPERIOR (UNILATERAL),146,146,130260,2022-05
0207020035 RESSONANCIA MAGNETICA DE TORAX,5,5,130260,2022-05
0207030014 RESSONANCIA MAGNETICA DE ABDOMEN SUPERIOR,215,215,130260,2022-05
0207030022 RESSONANCIA MAGNETICA DE BACIA / PELVE / ABDOMEN INFERIOR,521,521,130260,2022-05
0207030030 RESSONANCIA MAGNETICA DE MEMBRO INFERIOR (UNILATERAL),382,382,130260,2022-05
0207030049 RESSONANCIA MAGNETICA DE VIAS BILIARES/COLANGIORRESSONANCIA,69,69,130260,2022-05
0208010025 CINTILOGRAFIA DE MIOCARDIO P/ AVALIACAO DA PERFUSAO EM SITUACAO DE ESTRESSE (MINIMO 3 PROJECOES),1,1,130260,2022-05
0208010033 CINTILOGRAFIA DE MIOCARDIO P/ AVALIACAO DA PERFUSAO EM SITUACAO DE REPOUSO (MINIMO 3 PROJECOES),2,2,130260,2022-05
0208030042 CINTILOGRAFIA P/ PESQUISA DO CORPO INTEIRO,1,1,130260,2022-05
0208050035 CINTILOGRAFIA DE OSSOS COM OU SEM FLUXO SANGUINEO (CORPO INTEIRO),3,3,130260,2022-05
0209010010 COLANGIOPANCREATOGRAFIA RETROGRADA (VIA ENDOSCOPICA),4,4,130260,2022-05
0209010029 COLONOSCOPIA (COLOSCOPIA),104,104,130260,2022-05
0209010037 ESOFAGOGASTRODUODENOSCOPIA,839,839,130260,2022-05
0209010053 RETOSSIGMOIDOSCOPIA,20,20,130260,2022-05
0209020016 CISTOSCOPIA E/OU URETEROSCOPIA E/OU URETROSCOPIA,3,3,130260,2022-05
0209040017 BRONCOSCOPIA (BRONCOFIBROSCOPIA),4,4,130260,2022-05
0209040025 LARINGOSCOPIA,85,85,130260,2022-05
0209040041 VIDEOLARINGOSCOPIA,345,345,130260,2022-05
0210010045 AORTOGRAFIA ABDOMINAL,1,1,130260,2022-05
0210010070 ARTERIOGRAFIA DE MEMBRO,24,24,130260,2022-05
0210010096 ARTERIOGRAFIA P/ INVESTIGACAO DE DOENCA ARTERIOSCLEROTICA AORTO-ILIACA E DISTAL,5,5,130260,2022-05
0210010142 ARTERIOGRAFIA SELETIVA POR CATETER (POR VASO),2,2,130260,2022-05
0210010177 FLEBOGRAFIA DE MEMBRO,4,4,130260,2022-05
0210010185 FLEBOGRAFIA DE CAVA INFERIOR E/OU SUPERIOR,9,9,130260,2022-05
0211020010 CATETERISMO CARDIACO,126,126,130260,2022-05
0211020036 ELETROCARDIOGRAMA,1806,1806,130260,2022-05
0211020044 MONITORAMENTO PELO SISTEMA HOLTER 24 HS (3 CANAIS),22,22,130260,2022-05
0211020052 MONITORIZACAO AMBULATORIAL DE PRESSAO ARTERIAL (MAPA),71,71,130260,2022-05
0211020060 TESTE DE ESFORCO / TESTE ERGOMETRICO,25,25,130260,2022-05
0211030040 AVALIACAO DE FUNCAO E MECANICA RESPIRATORIA,1555,1555,130260,2022-05
0211030074 AVALIACAO FUNCIONAL MUSCULAR,509,509,130260,2022-05
0211040029 COLPOSCOPIA,254,254,130260,2022-05
0211040045 HISTEROSCOPIA (DIAGNOSTICA),2,2,130260,2022-05
0211040061 TOCOCARDIOGRAFIA ANTE-PARTO,150,150,130260,2022-05
0211050024 ELETROENCEFALOGRAFIA EM VIGILIA C/ OU S/ FOTO-ESTIMULO,14,14,130260,2022-05
0211060011 BIOMETRIA ULTRASSONICA (MONOCULAR),906,906,130260,2022-05
0211060020 BIOMICROSCOPIA DE FUNDO DE OLHO,1060,1060,130260,2022-05
0211060038 CAMPIMETRIA COMPUTADORIZADA OU MANUAL COM GRAFICO,1032,1032,130260,2022-05
0211060054 CERATOMETRIA,859,859,130260,2022-05
0211060062 CURVA DIARIA DE PRESSAO OCULAR CDPO (MINIMO 3 MEDIDAS),395,395,130260,2022-05
0211060089 ELETRORETINOGRAFIA,2,2,130260,2022-05
0211060100 FUNDOSCOPIA,919,919,130260,2022-05
0211060119 GONIOSCOPIA,331,331,130260,2022-05
0211060127 MAPEAMENTO DE RETINA,1852,1852,130260,2022-05
0211060135 MEDIDA DE OFUSCAMENTO E CONTRASTE,3,3,130260,2022-05
0211060143 MICROSCOPIA ESPECULAR DE CORNEA,1260,1260,130260,2022-05
0211060151 POTENCIAL DE ACUIDADE VISUAL,24,24,130260,2022-05
0211060178 RETINOGRAFIA COLORIDA BINOCULAR,698,698,130260,2022-05
0211060186 RETINOGRAFIA FLUORESCENTE BINOCULAR,21,21,130260,2022-05
0211060208 TESTE DE PROVOCACAO DE GLAUCOMA,4,4,130260,2022-05
0211060216 TESTE DE SCHIRMER,2,2,130260,2022-05
0211060224 TESTE DE VISAO DE CORES,42,42,130260,2022-05
0211060232 TESTE ORTOPTICO,4,4,130260,2022-05
0211060259 TONOMETRIA,2401,2401,130260,2022-05
0211060267 TOPOGRAFIA COMPUTADORIZADA DE CORNEA,1078,1078,130260,2022-05
0211060283 TOMOGRAFIA DE COERENCIA OPTICA,65,65,130260,2022-05
0211070025 AUDIOMETRIA DE REFORCO VISUAL (VIA AEREA / OSSEA),35,35,130260,2022-05
0211070033 AUDIOMETRIA EM CAMPO LIVRE,58,58,130260,2022-05
0211070041 AUDIOMETRIA TONAL LIMIAR (VIA AEREA / OSSEA),1572,1572,130260,2022-05
0211070050 AVALIACAO AUDITIVA COMPORTAMENTAL,28,28,130260,2022-05
0211070068 AVALIACAO DE LINGUAGEM ESCRITA / LEITURA,196,196,130260,2022-05
0211070076 AVALIACAO DE LINGUAGEM ORAL,800,800,130260,2022-05
0211070084 AVALIACAO MIOFUNCIONAL DE SISTEMA ESTOMATOGNATICO,411,411,130260,2022-05
0211070092 AVALIACAO P/ DIAGNOSTICO DE DEFICIENCIA AUDITIVA,211,211,130260,2022-05
0211070106 AVALIACAO P/ DIAGNOSTICO DIFERENCIAL DE DEFICIENCIA AUDITIVA,69,69,130260,2022-05
0211070114 AVALIACAO VOCAL,214,214,130260,2022-05
0211070122 ELETROCOCLEOGRAFIA,4,4,130260,2022-05
0211070149 EMISSOES OTOACUSTICAS EVOCADAS PARA TRIAGEM AUDITIVA (TESTE DA ORELHINHA),318,318,130260,2022-05
0211070157 ESTUDO DE EMISSOES OTOACUSTICAS EVOCADAS TRANSITORIAS E PRODUTOS DE DISTORCAO (EOA),915,915,130260,2022-05
0211070173 EXAME DE ORGANIZACAO PERCEPTIVA,5,5,130260,2022-05
0211070203 IMITANCIOMETRIA,1796,1796,130260,2022-05
0211070211 LOGOAUDIOMETRIA (LDV-IRF-LRF),1405,1405,130260,2022-05
0211070246 PESQUISA DE GANHO DE INSERCAO,2,2,130260,2022-05
0211070262 POTENCIAL EVOCADO AUDITIVO DE CURTA MEDIA E LONGA LATENCIA,351,351,130260,2022-05
0211070270 POTENCIAL EVOCADO AUDITIVO PARA TRIAGEM AUDITIVA (TESTE DA ORELHINHA),121,121,130260,2022-05
0211070289 PROVA DE FUNCAO TUBARIA,112,112,130260,2022-05
0211070297 REAVALIACAO DIAGNOSTICA DE DEFICIENCIA AUDITIVA EM PACIENTE MAIOR DE 3 ANOS,76,76,130260,2022-05
0211070300 REAVALIACAO DIAGNOSTICA DE DEFICIENCIA AUDITIVA EM PACIENTE MENOR DE 3 ANOS,6,6,130260,2022-05
0211070319 SELECAO E VERIFICACAO DE BENEFICIO DO AASI,227,227,130260,2022-05
0211070343 TESTES DE PROCESSAMENTO AUDITIVO,7,7,130260,2022-05
0211070351 TESTES VESTIBULARES / OTONEUROLOGICOS,84,84,130260,2022-05
0211070386 MAPEAMENTO E BALANCEAMENTO DOS ELETRODOS,6,6,130260,2022-05
0211070394 POTENCIAL EVOCADO ELETRICAMENTE NO SISTEMA AUDITIVO,1,1,130260,2022-05
0211080020 GASOMETRIA,2,2,130260,2022-05
0211080055 ESPIROMETRIA OU PROVA DE FUNCAO PULMONAR COMPLETA COM BRONCODILATADOR,125,125,130260,2022-05
0212010026 EXAMES PRE-TRANSFUSIONAIS I,606,606,130260,2022-05
0212010034 EXAMES PRE-TRANSFUSIONAIS II,611,611,130260,2022-05
0213010054 EXAME PARASITOLOGICO DIRETO P/ LEISHMANIAS (LEISHMANIOSE TEGUMENTAR AMERICANA),3,3,130260,2022-05
0213010135 HISTOPATOLOGIA P/ IDENTIFICACAO DE HEPATITE B,1,1,130260,2022-05
0213010143 HISTOPATOLOGIA P/ IDENTIFICACAO DE HEPATITE C,589,589,130260,2022-05
0213010577 TESTE DE ELISA IGG P/ IDENTIFICACAO DO TOXOPLASMA GONDII (TOXOPLASMOSE),4,4,130260,2022-05
0213010720 PESQUISA DE SARS-COV-2 POR RT - PCR,302,302,130260,2022-05
0214010015 GLICEMIA CAPILAR,15,15,130260,2022-05
0214010023 PESQUISA DE CORPOS CETONICOS NA URINA,8,8,130260,2022-05
0214010040 TESTE RAPIDO PARA DETECCAO DE HIV NA GESTANTE OU PAI/PARCEIRO,4817,4817,130260,2022-05
0214010058 TESTE RAPIDO PARA DETECCAO DE INFECCAO PELO HIV,2542,2542,130260,2022-05
0214010066 TESTE RAPIDO DE GRAVIDEZ,13,13,130260,2022-05
0214010074 TESTE RAPIDO PARA SIFILIS,1991,1991,130260,2022-05
0214010082 TESTE RAPIDO PARA SIFILIS NA GESTANTE OU PAI/PARCEIRO,1057,1057,130260,2022-05
0214010090 TESTE RAPIDO PARA DETECCAO DE HEPATITE C,2261,2261,130260,2022-05
0214010104 TESTE RAPIDO PARA DETECCAO DE INFECCAO PELO HBV,2265,2265,130260,2022-05
0214010120 TESTE RAPIDO PARA DENGUE IGG/IGM,245,245,130260,2022-05
0214010163 TESTE RAPIDO PARA DETECCAO DE SARS-COVID-2,207,207,130260,2022-05
0301010021 CONSULTA COM IDENTIFICACAO DE CASOS NOVOS DE TUBERCULOSE,2,2,130260,2022-05
0301010030 CONSULTA DE PROFISSIONAIS DE NIVEL SUPERIOR NA ATENCAO PRIMARIA (EXCETO MEDICO),159,159,130260,2022-05
0301010048 CONSULTA DE PROFISSIONAIS DE NIVEL SUPERIOR NA ATENCAO ESPECIALIZADA (EXCETO MEDICO),65178,65178,130260,2022-05
0301010056 CONSULTA MEDICA EM SAUDE DO TRABALHADOR,1,1,130260,2022-05
0301010064 CONSULTA MEDICA EM ATENCAO PRIMARIA,78,78,130260,2022-05
0301010072 CONSULTA MEDICA EM ATENCAO ESPECIALIZADA,48360,48360,130260,2022-05
0301010099 CONSULTA PARA AVALIACAO CLINICA DO FUMANTE,5,5,130260,2022-05
0301010110 CONSULTA PRE-NATAL,26,26,130260,2022-05
0301010137 CONSULTA/ATENDIMENTO DOMICILIAR,41,41,130260,2022-05
0301010153 PRIMEIRA CONSULTA ODONTOLOGICA PROGRAMATICA,104,104,130260,2022-05
0301010161 CONSULTA/ATENDIMENTO DOMICILIAR NA ATENCAO ESPECIALIZADA,27,27,130260,2022-05
0301010269 AVALIACAO DO CRESCIMENTO NA PUERICULTURA,3,3,130260,2022-05
0301010307 TELECONSULTA MEDICA NA ATENCAO ESPECIALIZADA,94,94,130260,2022-05
0301010315 TELECONSULTA POR PROFISSIONAIS DE NIVEL SUPERIOR NA ATENCAO ESPECIALIZADA (EXCETO MEDICO),85,85,130260,2022-05
0301020019 ACOMPANHAMENTO DE PACIENTE PORTADOR DE AGRAVOS RELACIONADOS AO TRABALHO,1,1,130260,2022-05
0301020027 ACOMPANHAMENTO DE PACIENTE PORTADOR DE SEQUELAS RELACIONADAS AO TRABALHO,3,3,130260,2022-05
0301020035 EMISSAO DE PARECER SOBRE NEXO CAUSAL,47,47,130260,2022-05
0301040044 TERAPIA INDIVIDUAL,2900,2900,130260,2022-05
0301040052 ATENDIMENTO MULTIPROFISSIONAL PARA ATENCAO AS PESSOAS EM SITUACAO DE VIOLENCIA SEXUAL,99,99,130260,2022-05
0301040079 ESCUTA INICIAL / ORIENTACAO (ACOLHIMENTO A DEMANDA ESPONT NEA),148,148,130260,2022-05
0301040087 ATENDIMENTO EM GRUPO NA ATENCAO PRIMARIA,5,5,130260,2022-05
0301040141 INSERCAO DO DISPOSITIVO INTRA-UTERINO (DIU),7,7,130260,2022-05
0301040150 RETIRADA DO DISPOSITIVO INTRA-UTERINO (DIU),2,2,130260,2022-05
0301050023 ASSISTENCIA DOMICILIAR POR EQUIPE MULTIPROFISSIONAL,5,5,130260,2022-05
0301050031 ASSISTENCIA DOMICILIAR POR EQUIPE MULTIPROFISSIONAL NA ATENCAO ESPECIALIZADA,128,128,130260,2022-05
0301060029 ATENDIMENTO DE URGENCIA C/ OBSERVACAO ATE 24 HORAS EM ATENCAO ESPECIALIZADA,11661,11661,130260,2022-05
0301060061 ATENDIMENTO DE URGENCIA EM ATENCAO ESPECIALIZADA,47232,47232,130260,2022-05
0301060096 ATENDIMENTO MEDICO EM UNIDADE DE PRONTO ATENDIMENTO,11321,11321,130260,2022-05
0301060100 ATENDIMENTO ORTOPEDICO COM IMOBILIZACAO PROVISORIA,150,150,130260,2022-05
0301060118 ACOLHIMENTO COM CLASSIFICACAO DE RISCO,13703,13703,130260,2022-05
0301070024 ACOMPANHAMENTO DE PACIENTE EM REABILITACAO EM COMUNICACAO ALTERNATIVA,270,270,130260,2022-05
0301070032 ACOMPANHAMENTO DE PACIENTE P/ ADAPTACAO DE APARELHO DE AMPLIFICACAO SONORA INDIVIDUAL (AASI) UNI / B,252,252,130260,2022-05
0301070040 ACOMPANHAMENTO NEUROPSICOLOGICO DE PACIENTE EM REABILITACAO,284,284,130260,2022-05
0301070059 ACOMPANHAMENTO PSICOPEDAGOGICO DE PACIENTE EM REABILITACAO,103,103,130260,2022-05
0301070067 ATENDIMENTO / ACOMPANHAMENTO EM REABILITACAO NAS MULTIPLAS DEFICIENCIAS,2515,2515,130260,2022-05
0301070075 ATENDIMENTO / ACOMPANHAMENTO DE PACIENTE EM REABILITACAO DO DESENVOLVIMENTO NEUROPSICOMOTOR,901,901,130260,2022-05
0301070091 ATENDIMENTO EM OFICINA TERAPEUTICA II EM GRUPO PARA PESSOAS COM DEFICIENCIA (POR OFICINA TERAPEUTI,2,2,130260,2022-05
0301070105 ATENDIMENTO/ACOMPANHAMENTO INTENSIVO DE PACIENTE EM REABILITACAO FISICA (1 TURNO PACIENTE-DIA - 15,1604,1604,130260,2022-05
0301070113 TERAPIA FONOAUDIOLOGICA INDIVIDUAL,1891,1891,130260,2022-05
0301070121 TRATAMENTO INTENSIVO DE PACIENTE EM REABILITACAO FISICA (1 TURNO PACIENTE- DIA - 20 ATENDIMENTOS-M,1977,1977,130260,2022-05
0301070164 ATENDIMENTO/ACOMPANHAMENTO EM REABILITACAO VISUAL,1,1,130260,2022-05
0301070199 ACOMPANHAMENTO DE PACIENTE COM IMPLANTE COCLEAR,5,5,130260,2022-05
0301080143 ATENDIMENTO EM OFICINA TERAPEUTICA I - SAUDE MENTAL,20,20,130260,2022-05
0301080151 ATENDIMENTO EM OFICINA TERAPEUTICA II - SAUDE MENTAL,161,161,130260,2022-05
0301080178 ATENDIMENTO INDIVIDUAL EM PSICOTERAPIA,959,959,130260,2022-05
0301080194 ACOLHIMENTO DIURNO DE PACIENTE EM CENTRO DE ATENCAO PSICOSSOCIAL,259,259,130260,2022-05
0301080208 ATENDIMENTO INDIVIDUAL DE PACIENTE EM CENTRO DE ATENCAO PSICOSSOCIAL,4337,4337,130260,2022-05
0301080216 ATENDIMENTO EM GRUPO DE PACIENTE EM CENTRO DE ATENCAO PSICOSSOCIAL,543,543,130260,2022-05
0301080224 ATENDIMENTO FAMILIAR EM CENTRO DE ATENCAO PSICOSSOCIAL,1966,1966,130260,2022-05
0301080232 ACOLHIMENTO INICIAL POR CENTRO DE ATENCAO PSICOSSOCIAL,667,667,130260,2022-05
0301080240 ATENDIMENTO DOMICILIAR PARA PACIENTES DE CENTRO DE ATENCAO PSICOSSOCIAL E/OU FAMILIARES,118,118,130260,2022-05
0301080275 PRATICAS CORPORAIS EM CENTRO DE ATENCAO PSICOSSOCIAL,44,44,130260,2022-05
0301080283 PRATICAS EXPRESSIVAS E COMUNICATIVAS EM CENTRO DE ATENCAO PSICOSSOCIAL,41,41,130260,2022-05
0301080291 ATENCAO AS SITUACOES DE CRISE,137,137,130260,2022-05
0301080321 ACOMPANHAMENTO DE SERVICO RESIDENCIAL TERAPEUTICO POR CENTRO DE ATENCAO PSICOSSOCIAL,8,8,130260,2022-05
0301080348 ACOES DE REABILITACAO PSICOSSOCIAL,208,208,130260,2022-05
0301080356 PROMOCAO DE CONTRATUALIDADE NO TERRITORIO,222,222,130260,2022-05
0301100012 ADMINISTRACAO DE MEDICAMENTOS NA ATENCAO ESPECIALIZADA,25551,25551,130260,2022-05
0301100039 AFERICAO DE PRESSAO ARTERIAL,1449,1449,130260,2022-05
0301100055 CATETERISMO VESICAL DE DEMORA,13,13,130260,2022-05
0301100063 CUIDADOS COM ESTOMAS,676,676,130260,2022-05
0301100071 CUIDADOS C/ TRAQUEOSTOMIA,11,11,130260,2022-05
0301100098 ENEMA,4,4,130260,2022-05
0301100101 INALACAO / NEBULIZACAO,590,590,130260,2022-05
0301100144 OXIGENOTERAPIA POR DIA,6,6,130260,2022-05
0301100152 RETIRADA DE PONTOS DE CIRURGIAS (POR PACIENTE),31,31,130260,2022-05
0301100179 SONDAGEM GASTRICA,14,14,130260,2022-05
0301100195 ADMINISTRACAO DE MEDICAMENTOS POR VIA ENDOVENOSA,3205,3205,130260,2022-05
0301100209 ADMINISTRACAO DE MEDICAMENTOS POR VIA INTRAMUSCULAR,2160,2160,130260,2022-05
0301100217 ADMINISTRACAO DE MEDICAMENTOS POR VIA ORAL,873,873,130260,2022-05
0301100225 ADMINISTRACAO DE MEDICAMENTOS POR VIA SUBCUTANEA (SC),13,13,130260,2022-05
0301100233 ADMINISTRACAO TOPICA DE MEDICAMENTO(S),5,5,130260,2022-05
0301100276 CURATIVO ESPECIAL,18,18,130260,2022-05
0301100284 CURATIVO SIMPLES,144,144,130260,2022-05
0301120013 ACOMPANHAMENTO DE PACIENTE COM FENILCETONURIA,39,39,130260,2022-05
0301120021 ACOMPANHAMENTO DE PACIENTE COM FIBROSE CISTICA,14,14,130260,2022-05
0301120048 ACOMPANHAMENTO DE PACIENTE COM HIPOTIREOIDISMO CONGENITO,49,49,130260,2022-05
0301130019 AVALIACAO CLINICA E ELETRONICA DE DISPOSITIVO ELETRICO CARDIACO IMPLANTAVEL,85,85,130260,2022-05
0302010025 ATENDIMENTO FISIOTERAPEUTICO EM PACIENTES C/ DISFUNCOES UROGINECOLOGICAS,16,16,130260,2022-05
0302020012 ATENDIMENTO FISIOTERAPEUTICO DE PACIENTE COM CUIDADOS PALIATIVOS,3,3,130260,2022-05
0302020020 ATENDIMENTO FISIOTERAPEUTICO EM PACIENTE ONCOLOGICO CLINICO,690,690,130260,2022-05
0302020039 ATENDIMENTO FISIOTERAPEUTICO EM PACIENTE NO PRE E POS CIRURGIA ONCOLOGICA,8,8,130260,2022-05
0302040013 ATENDIMENTO FISIOTERAPEUTICO EM PACIENTE COM TRANSTORNO RESPIRATORIO COM COMPLICACOES SISTEMICAS,1395,1395,130260,2022-05
0302040021 ATENDIMENTO FISIOTERAPEUTICO EM PACIENTE COM TRANSTORNO RESPIRATORIO SEM COMPLICACOES SISTEMICAS,3661,3661,130260,2022-05
0302040030 ATENDIMENTO FISIOTERAPEUTICO EM PACIENTE COM TRANSTORNO CLINICO CARDIOVASCULAR,1412,1412,130260,2022-05
0302040048 ATENDIMENTO FISIOTERAPEUTICO EM PACIENTE PRE/POS CIRURGIA CARDIOVASCULAR,176,176,130260,2022-05
0302040056 ATENDIMENTO FISIOTERAPEUTICO NAS DISFUNCOES VASCULARES PERIFERICAS,7,7,130260,2022-05
0302050019 ATENDIMENTO FISIOTERAPEUTICO EM PACIENTES NO PRE E POS-OPERATORIO NAS DISFUNCOES MUSCULO ESQUE,5329,5329,130260,2022-05
0302050027 ATENDIMENTO FISIOTERAPEUTICO NAS ALTERACOES MOTORAS,28464,28464,130260,2022-05
0302060014 ATENDIMENTO FISIOTERAPEUTICO EM PACIENTES COM DISTURBIOS NEURO-CINETICO-FUNCIONAIS SEM COMPLICAC,1115,1115,130260,2022-05
0302060022 ATENDIMENTO FISIOTERAPEUTICO EM PACIENTES COM DISTURBIOS NEURO-CINETICO-FUNCIONAIS COM COMPLICAC,2102,2102,130260,2022-05
0302060030 ATENDIMENTO FISIOTERAPEUTICO NAS DESORDENS DO DESENVOLVIMENTO NEURO MOTOR,361,361,130260,2022-05
0302060049 ATENDIMENTO FISIOTERAPEUTICO EM PACIENTE C/ COMPROMETIMENTO COGNITIVO,278,278,130260,2022-05
0302060057 ATENDIMENTO FISIOTERAPEUTICO EM PACIENTE NO PRE/POS-OPERATORIO DE NEUROCIRURGIA,169,169,130260,2022-05
0303020016 PULSOTERAPIA I (POR APLICACAO),25,25,130260,2022-05
0303020024 PULSOTERAPIA II (POR APLICACAO),7,7,130260,2022-05
0303060263 TRATAMENTO DE PE DIABETICO COMPLICADO,14,14,130260,2022-05
0303080019 CAUTERIZACAO QUIMICA DE PEQUENAS LESOES,4,4,130260,2022-05
"0303090030 INFILTRACAO DE SUBSTANCIAS EM CAVIDADE SINOVIAL (ARTICULACAO, BAINHA TENDINOSA)",2373,2373,130260,2022-05
0303090073 REVISAO COM TROCA DE APARELHO GESSADO EM MEMBRO INFERIOR,24,24,130260,2022-05
0303090081 REVISAO COM IMOBILIZACAO NAO GESSADA EM LESAO DA COLUNA VERTEBRAL,2,2,130260,2022-05
0303090090 REVISAO COM TROCA DE APARELHO GESSADO EM MEMBRO SUPERIOR,19,19,130260,2022-05
0303090120 TRATAMENTO CONSERVADOR DE FRATURA NA CINTURA ESCAPULAR (COM IMOBILIZACAO),8,8,130260,2022-05
0303090162 TRATAMENTO CONSERVADOR DE FRATURA DE OSSO METACARPICO,1,1,130260,2022-05
0303090200 TRATAMENTO CONSERVADOR DE FRATURA EM MEMBRO INFERIOR COM IMOBILIZACAO,37,37,130260,2022-05
0303090227 TRATAMENTO CONSERVADOR DE FRATURA EM MEMBRO SUPERIOR COM IMOBILIZACAO,237,237,130260,2022-05
0303190019 TRATAMENTO EM REABILITACAO,3,3,130260,2022-05
0304010367 RADIOTERAPIA DE CABECA E PESCOCO,3,3,130260,2022-05
0304010375 RADIOTERAPIA DO APARELHO DIGESTIVO,10,10,130260,2022-05
"0304010383 RADIOTERAPIA DE TRAQUEIA, BRONQUIO, PULMAO, PLEURA E MEDIASTINO",6,6,130260,2022-05
0304010405 RADIOTERAPIA DE PELE,4,4,130260,2022-05
0304010413 RADIOTERAPIA DE MAMA,30,30,130260,2022-05
0304010421 RADIOTERAPIA DE CANCER GINECOLOGICO,32,32,130260,2022-05
0304010430 BRAQUITERAPIA GINECOLOGICA,25,25,130260,2022-05
0304010456 RADIOTERAPIA DE PROSTATA,17,17,130260,2022-05
0304010502 RADIOTERAPIA DE SISTEMA NERVOSO CENTRAL,3,3,130260,2022-05
0304010529 RADIOTERAPIA DE METASTASE EM SISTEMA NERVOSO CENTRAL,8,8,130260,2022-05
0304010537 RADIOTERAPIA DE PLASMOCITOMA / MIELOMA / METASTASES EM OUTRAS LOCALIZACOES,11,11,130260,2022-05
0304010553 RADIOTERAPIA DE LINFOMA E LEUCEMIA,4,4,130260,2022-05
0304020010 QUIMIOTERAPIA DO ADENOCARCINOMA DE COLON AVANCADO -1 LINHA,28,28,130260,2022-05
0304020036 HORMONIOTERAPIA DO ADENOCARCINOMA DE ENDOMETRIO AVANCADO,10,10,130260,2022-05
0304020044 QUIMIOTERAPIA DO ADENOCARCINOMA DE ESTOMAGO AVANCADO,27,27,130260,2022-05
0304020052 QUIMIOTERAPIA DO ADENOCARCINOMA DE PANCREAS AVANCADO,7,7,130260,2022-05
0304020060 HORMONIOTERAPIA DO ADENOCARCINOMA DE PROSTATA AVANCADO - 2 LINHA,2,2,130260,2022-05
0304020079 HORMONIOTERAPIA DO ADENOCARCINOMA DE PROSTATA AVANCADO - 1 LINHA,238,238,130260,2022-05
0304020087 QUIMIOTERAPIA DO ADENOCARCINOMA DE PROSTATA RESISTENTE A HORMONIOTERAPIA,36,36,130260,2022-05
0304020095 QUIMIOTERAPIA DO CARCINOMA DE RETO AVANCADO -1 LINHA,22,22,130260,2022-05
0304020109 QUIMIOTERAPIA DO CARCINOMA DE RETO AVANCADO - 2 LINHA,8,8,130260,2022-05
0304020117 QUIMIOTERAPIA DO APUDOMA/TUMOR NEUROENDOCRINO AVANCADO,31,31,130260,2022-05
0304020125 QUIMIOTERAPIA DO CARCINOMA DE ADRENAL AVANCADO,2,2,130260,2022-05
0304020133 QUIMIOTERAPIA DO CARCINOMA DE MAMA AVANCADO -1 LINHA,87,87,130260,2022-05
0304020141 QUIMIOTERAPIA DO CARCINOMA DE MAMA AVANCADO - 2 LINHA,17,17,130260,2022-05
0304020150 QUIMIOTERAPIA DO CARCINOMA DE NASOFARINGE AVANCADO,2,2,130260,2022-05
0304020168 QUIMIOTERAPIA DO CARCINOMA DE RIM AVANCADO,28,28,130260,2022-05
0304020176 QUIMIOTERAPIA DO CARCINOMA EPIDERMOIDE / ADENOCARCINOMA DE ESOFAGO AVANCADO,3,3,130260,2022-05
0304020184 QUIMIOTERAPIA DO CARCINOMA EPIDERMOIDE / ADENOCARCINOMA DO COLO OU DO CORPO UTERINO AVANCADO,64,64,130260,2022-05
0304020192 QUIMIOTERAPIA DO CARCINOMA EPIDERMOIDE DE CANAL ANAL/ MARGEM ANAL AVANCADO,1,1,130260,2022-05
0304020206 QUIMIOTERAPIA DO CARCINOMA EPIDERMOIDE DE CABECA E PESCOCO AVANCADO,26,26,130260,2022-05
0304020214 QUIMIOTERAPIA DO CARCINOMA PULMONAR DE CELULAS NAO PEQUENAS AVANCADO,60,60,130260,2022-05
0304020222 QUIMIOTERAPIA DO CARCINOMA PULMONAR INDIFERENCIADO DE CELULAS PEQUENAS AVANCADO,6,6,130260,2022-05
0304020230 QUIMIOTERAPIA DO MELANOMA MALIGNO AVANCADO,15,15,130260,2022-05
0304020249 QUIMIOTERAPIA DE METASTASE DE ADENOCARCINOMA DE ORIGEM DESCONHECIDA,7,7,130260,2022-05
0304020257 QUIMIOTERAPIA DE METASTASE DE CARCINOMA EPIDERMOIDE/CARCINOMA NEUROENDOCRINO DE ORIGEM DESCONHECIDA,2,2,130260,2022-05
0304020273 QUIMIOTERAPIA DE NEOPLASIA MALIGNA EPITELIAL DE OVARIO OU DE TUBA UTERINA AVANCADA -1 LINHA,21,21,130260,2022-05
0304020281 QUIMIOTERAPIA DE NEOPLASIA MALIGNA EPITELIAL DE OVARIO OU DE TUBA UTERINA AVANCADA - 2 LINHA),8,8,130260,2022-05
0304020290 QUIMIOTERAPIA DE SARCOMA DE PARTES MOLES AVANCADO,27,27,130260,2022-05
0304020303 QUIMIOTERAPIA DE SARCOMA OSSEO AVANCADO,3,3,130260,2022-05
0304020311 QUIMIOTERAPIA DO TUMOR DO ESTROMA GASTROINTESTINAL AVANCADO,7,7,130260,2022-05
0304020320 QUIMIOTERAPIA DE TUMOR DO SISTEMA NERVOSO CENTRAL AVANCADO,19,19,130260,2022-05
0304020338 HORMONIOTERAPIA DO CARCINOMA DE MAMA AVANCADO - 2 LINHA,57,57,130260,2022-05
0304020346 HORMONIOTERAPIA DO CARCINOMA DE MAMA AVANCADO- 1 LINHA,140,140,130260,2022-05
0304020362 QUIMIOTERAPIA DO CARCINOMA DE TIREOIDE AVANCADO,4,4,130260,2022-05
0304020370 QUIMIOTERAPIA DO CARCINOMA DE PENIS AVANCADO,6,6,130260,2022-05
0304020389 QUIMIOTERAPIA DE CARCINOMA DO FIGADO OU DO TRATO BILIAR AVANCADO,33,33,130260,2022-05
0304020400 QUIMIOTERAPIA DE CARCINOMA UROTELIAL AVANCADO,9,9,130260,2022-05
0304020419 POLIQUIMIOTERAPIA DO CARCINOMA DE MAMA HER-2 POSITIVO - 1 LINHA,19,19,130260,2022-05
0304020427 MONOQUIMIOTERAPIA DO CARCINOMA DE MAMA HER-2 POSITIVO - 1 LINHA,1,1,130260,2022-05
0304020435 POLIQUIMIOTERAPIA COM DUPLO ANTI HER-2 DO CARCINOMA DE MAMA HER-2 POSITIVO 1 LINHA,93,93,130260,2022-05
0304020443 QUIMIOTERAPIA COM DUPLO ANTI-HER-2 DO CARCINOMA DE MAMA HER-2 POSITIVO - 1 LINHA,1,1,130260,2022-05
0304030031 QUIMIOTERAPIA DE DOENCA MIELOPROLIFERATIVA RARA - 1 LINHA,29,29,130260,2022-05
0304030040 QUIMIOTERAPIA DE DOENCA MIELOPROLIFERATIVA RARA - 2 LINHA,3,3,130260,2022-05
0304030058 QUIMIOTERAPIA DE LEUCEMIA LINFOCITICA CRONICA - 1 LINHA,3,3,130260,2022-05
0304030074 QUIMIOTERAPIA DE LEUCEMIA MIELOIDE CRONICA QUALQUER FASE - CONTROLE SANGUINEO,7,7,130260,2022-05
0304030112 QUIMIOTERAPIA DA LEUCEMIA MIELOIDE CRONICA EM FASE CRONICA - MARCADOR POSITIVO - 1 LINHA,63,63,130260,2022-05
0304030120 QUIMIOTERAPIA DE LEUCEMIA MIELOIDE CRONICA EM FASE CRONICA - MARCADOR POSITIVO - 3 LINHA,6,6,130260,2022-05
0304030155 QUIMIOTERAPIA DE LEUCEMIA MIELOIDE CRONICA EM FASE DE TRANSFORMACAO - MARCADOR POSITIVO - SEM FAS,1,1,130260,2022-05
0304030163 QUIMIOTERAPIA DE LINFOMA NAO HODGKIN DE BAIXO GRAU DE MALIGNIDADE (1 LINHA),8,8,130260,2022-05
0304030171 QUIMIOTERAPIA DE LINFOMA NAO HODGKIN DE BAIXO GRAU DE MALIGNIDADE - 2LINHA,4,4,130260,2022-05
0304030180 QUIMIOTERAPIA DE NEOPLASIA DE CELULAS PLASMATICAS - 1 LINHA,9,9,130260,2022-05
0304030228 QUIMIOTERAPIA DE LEUCEMIA MIELOIDE CRONICA EM FASE CRONICA - MARCADOR POSITIVO - 2 LINHA,39,39,130260,2022-05
0304030252 QUIMIOTERAPIA DE MIELOMA MULTIPLO - 1 LINHA,18,18,130260,2022-05
0304030260 QUIMIOTERAPIA DE MIELOMA MULTIPLO - 2 LINHA,1,1,130260,2022-05
0304040029 QUIMIOTERAPIA DO CARCINOMA DE MAMA (PREVIA),145,145,130260,2022-05
0304040045 QUIMIOTERAPIA DO CARCINOMA EPIDERMOIDE / ADENOCARCINOMA DO COLO UTERINO,58,58,130260,2022-05
0304040053 QUIMIOTERAPIA DO CARCINOMA EPIDERMOIDE DE RETO/ CANAL ANAL/ MARGEM ANAL,15,15,130260,2022-05
0304040061 QUIMIOTERAPIA DO CARCINOMA EPIDERMOIDE DE SEIO PARA-NASAL/ LARINGE / HIPOFARINGE/ OROFARINGE /CAVIDA,18,18,130260,2022-05
0304040070 QUIMIOTERAPIA DO CARCINOMA DE BEXIGA,2,2,130260,2022-05
0304040096 QUIMIOTERAPIA DO CARCINOMA PULMONAR DE CELULAS NAO PEQUENAS (PREVIA),6,6,130260,2022-05
0304040118 QUIMIOTERAPIA DE CARCINOMA EPIDERMOIDE / ADENOCARCINOMA DE ESOFAGO,5,5,130260,2022-05
0304040126 QUIMIOTERAPIA DO CARCINOMA EPIDERMOIDE DE VULVA,4,4,130260,2022-05
0304040134 QUIMIOTERAPIA DE NEOPLASIA MALIGNA EPITELIAL DE OVARIO OU DA TUBA UTERINA - 2 LINHA,2,2,130260,2022-05
0304040169 QUIMIOTERAPIA DE SARCOMA OSSEO / OSTEOSSARCOMA - 1 LINHA,1,1,130260,2022-05
0304040177 QUIMIOTERAPIA DO ADENOCARCINOMA DE ESTOMAGO (PRE-OPERATORIA),13,13,130260,2022-05
0304040185 POLIQUIMIOTERAPIA DO CARCINOMA DE MAMA HER-2 POSITIVO EM ESTADIO III (PREVIA),41,41,130260,2022-05
0304040193 HORMONIOTERAPIA DO CARCINOMA DE MAMA EM ESTADIO III (PREVIA),24,24,130260,2022-05
0304040207 HORMONIOTERAPIA PREVIA A RADIOTERAPIA EXTERNA DO ADENOCARCINOMA DE PROSTATA,69,69,130260,2022-05
0304050016 QUIMIOTERAPIA INTRA-VESICAL,12,12,130260,2022-05
0304050024 QUIMIOTERAPIA DE ADENOCARCINOMA DE COLON,18,18,130260,2022-05
0304050032 QUIMIOTERAPIA DO ADENOCARCINOMA DE RETO (ADJUVANTE),6,6,130260,2022-05
0304050040 HORMONIOTERAPIA DO CARCINOMA DE MAMA EM ESTADIO I,227,227,130260,2022-05
0304050067 QUIMIOTERAPIA DO CARCINOMA DE MAMA EM ESTADIO III,50,50,130260,2022-05
0304050075 QUIMIOTERAPIA DO CARCINOMA DE MAMA EM ESTADIO II,39,39,130260,2022-05
0304050113 HORMONIOTERAPIA DO CARCINOMA DE MAMA EM ESTADIO III,614,614,130260,2022-05
0304050121 HORMONIOTERAPIA DO CARCINOMA DE MAMA EM ESTADIO II,472,472,130260,2022-05
0304050130 QUIMIOTERAPIA DO CARCINOMA DE MAMA EM ESTADIO I,3,3,130260,2022-05
0304050180 QUIMIOTERAPIA DE CARCINOMA PULMONAR INDIFERENCIADO DE CELULAS PEQUENAS (ADJUVANTE),2,2,130260,2022-05
0304050202 QUIMIOTERAPIA DE NEOPLASIA MALIGNA EPITELIAL DE OVARIO OU DA TUBA UTERINA,14,14,130260,2022-05
0304050210 QUIMIOTERAPIA DO OSTEOSSARCOMA,2,2,130260,2022-05
0304050229 QUIMIOTERAPIA DE SARCOMA DE PARTES MOLES DE EXTREMIDADE,3,3,130260,2022-05
0304050253 QUIMIOTERAPIA DO ADENOCARCINOMA DE ESTOMAGO (POS OPERATORIA),26,26,130260,2022-05
0304050261 POLIQUIMIOTERAPIA DO CARCINOMA DE MAMA HER-2 POSITIVO EM ESTADIO I (ADJUVANTE),8,8,130260,2022-05
0304050270 POLIQUIMIOTERAPIA DO CARCINOMA DE MAMA HER-2 POSITIVO EM ESTADIO II (ADJUVANTE),13,13,130260,2022-05
0304050288 POLIQUIMIOTERAPIA DO CARCINOMA DE MAMA HER-2 POSITIVO EM ESTADIO III (ADJUVANTE),31,31,130260,2022-05
0304050300 MONOQUIMIOTERAPIA DO CARCINOMA DE MAMA HER-2 POSITIVO EM ESTADIO II (ADJUVANTE),6,6,130260,2022-05
0304050318 MONOQUIMIOTERAPIA DO CARCINOMA DE MAMA HER-2 POSITIVO EM ESTADIO III (ADJUVANTE),11,11,130260,2022-05
0304050326 QUIMIOTERAPIA DE MELANOMA MALIGNO,3,3,130260,2022-05
0304050334 QUIMIOTERAPIA DE TUMOR DO ESTROMA GASTRO INTESTINAL,3,3,130260,2022-05
0304050342 HORMONIOTERAPIA ADJUVANTE A RADIOTERAPIA EXTERNA DO ADENOCARCINOMA DE PROSTATA,212,212,130260,2022-05
0304060011 QUIMIOTERAPIA DA DOENCA DE HODGKIN - 1 LINHA,19,19,130260,2022-05
0304060038 QUIMIOTERAPIA DA DOENCA DE HODGKIN - 2 LINHA,2,2,130260,2022-05
0304060046 QUIMIOTERAPIA DA DOENCA DE HODGKIN - 3 LINHA,4,4,130260,2022-05
0304060089 QUIMIOTERAPIA DE LEUCEMIA AGUDA/ MIELODISPLASIA/LINFOMA LINFOBLASTICO/ LINFOMA DE BURKITT - 2 LINH,1,1,130260,2022-05
0304060119 QUIMIOTERAPIA DE LINFOMA NAO HODGKIN GRAU INTERMEDIARIO OU ALTO - 2 LINHA,6,6,130260,2022-05
0304060127 QUIMIOTERAPIA DE LINFOMA NAO HODGKIN GRAU INTERMEDIARIO OU ALTO - 3 LINHA,2,2,130260,2022-05
0304060135 QUIMIOTERAPIA DE LINFOMA NAO HODGKIN DE GRAU DE MALIGNIDADE INTERMEDIARIO OU ALTO - 1 LINHA,1,1,130260,2022-05
0304060151 QUIMIOTERAPIA DE TUMOR GERMINATIVO EXTRA-GONADAL,2,2,130260,2022-05
0304060178 QUIMIOTERAPIA DE NEOPLASIA TROFOBLASTICA GESTACIONAL - BAIXO RISCO,2,2,130260,2022-05
0304060208 QUIMIOTERAPIA DE TUMOR GERMINATIVO DE TESTICULO - 1 LINHA,9,9,130260,2022-05
0304060224 QUIMIOTERAPIA DE LINFOMA DIFUSO DE GRANDES CELULAS B - 1 LINHA,8,8,130260,2022-05
"0304060232 QUIMIOTERAPIA DE LEUCEMIA LINFOIDE/LINFOBLASTICA AGUDA, LINFOMA LINFOBLASTICO, LEUCEMIA MIELOIDE AG",6,6,130260,2022-05
"0304060240 QUIMIOTERAPIA DE LEUCEMIA LINFOIDE/LINFOBLASTICA AGUDA , LINFOMA LINFOBLASTICO, LEUCEMIA MIELOIDE A",4,4,130260,2022-05
0304070017 QUIMIOTERAPIA DE CANCER NA INFANCIA E ADOLESCENCIA - 1 LINHA,45,45,130260,2022-05
0304070025 QUIMIOTERAPIA DE CANCER NA INFANCIA E ADOLESCENCIA - 2 LINHA,16,16,130260,2022-05
0304070041 QUIMIOTERAPIA DE CANCER NA INFANCIA E ADOLESCENCIA - 3 LINHA,1,1,130260,2022-05
"0304070068 QUIMIOTERAPIA DE LEUCEMIA LINFOIDE/LINFOBLASTICA AGUDA , LINFOMA LINFOBLASTICO, LEUCEMIA MIELOIDE A",36,36,130260,2022-05
"0304070076 QUIMIOTERAPIA DE LEUCEMIA LINFOIDE/LINFOBLASTICA AGUDA, LEUCEMIA MIELOIDE AGUDA E LEUCEMIA PROMIELO",36,36,130260,2022-05
0304080012 FATOR ESTIMULANTE DO CRESCIMENTO DE COLONIAS DE GRANULOCITOS / MACROFAGOS,19,19,130260,2022-05
0304080071 INIBIDOR DA OSTEOLISE,229,229,130260,2022-05
0305010093 HEMODIALISE (MAXIMO 1 SESSAO POR SEMANA - EXCEPCIONALIDADE),318,318,130260,2022-05
0305010107 HEMODIALISE (MAXIMO 3 SESSOES POR SEMANA),12861,12861,130260,2022-05
0305010115 HEMODIALISE EM PACIENTE COM SOROLOGIA POSITIVA PARA HIV E/OU HEPATITE B E/OU HEPATITE C (MAXIMO 3 S,856,856,130260,2022-05
0305010123 HEMODIALISE EM PACIENTE COM SOROLOGIA POSITIVA PARA HIV E/OU HEPATITE B E/OU HEPATITE C (EXCEPCIONAL,18,18,130260,2022-05
0305010166 MANUTENCAO E ACOMPANHAMENTO DOMICILIAR DE PACIENTE SUBMETIDO A DPA /DPAC,26,26,130260,2022-05
0305010204 HEMODIALISE PEDIATRICA (MAXIMO 04 SESSOES POR SEMANA),13,13,130260,2022-05
0305010212 IDENTIFICACAO DE PACIENTE SOB TRATAMENTO DIALITICO EM TRANSITO,2,2,130260,2022-05
0306020017 AFERESE TERAPEUTICA,44,44,130260,2022-05
0306020041 SANGRIA TERAPEUTICA,25,25,130260,2022-05
0306020068 TRANSFUSAO DE CONCENTRADO DE HEMACIAS,810,810,130260,2022-05
0306020076 TRANSFUSAO DE CONCENTRADO DE PLAQUETAS,1253,1253,130260,2022-05
0306020084 TRANSFUSAO DE CRIOPRECIPITADO,27,27,130260,2022-05
0306020106 TRANSFUSAO DE PLASMA FRESCO,74,74,130260,2022-05
0306020122 TRANSFUSAO DE SANGUE / COMPONENTES IRRADIADOS,3,3,130260,2022-05
0307010015 CAPEAMENTO PULPAR,55,55,130260,2022-05
0307010031 RESTAURACAO DE DENTE PERMANENTE ANTERIOR COM RESINA COMPOSTA,70,70,130260,2022-05
0307010058 TRATAMENTO DE NEVRALGIAS FACIAIS,1,1,130260,2022-05
0307010066 TRATAMENTO INICIAL DO DENTE TRAUMATIZADO,6,6,130260,2022-05
0307010074 TRATAMENTO RESTAURADOR ATRAUMATICO (TRA/ART),3,3,130260,2022-05
0307010082 RESTAURACAO DE DENTE DECIDUO POSTERIOR COM RESINA COMPOSTA,64,64,130260,2022-05
0307010090 RESTAURACAO DE DENTE DECIDUO POSTERIOR COM AMALGAMA,48,48,130260,2022-05
0307010104 RESTAURACAO DE DENTE DECIDUO POSTERIOR COM IONOMERO DE VIDRO,49,49,130260,2022-05
0307010112 RESTAURACAO DE DENTE DECIDUO ANTERIOR COM RESINA COMPOSTA,42,42,130260,2022-05
0307010120 RESTAURACAO DE DENTE PERMANENTE POSTERIOR COM RESINA COMPOSTA,223,223,130260,2022-05
0307010139 RESTAURACAO DE DENTE PERMANENTE POSTERIOR COM AMALGAMA,5,5,130260,2022-05
0307020010 ACESSO A POLPA DENTARIA E MEDICACAO (POR DENTE),43,43,130260,2022-05
0307020029 CURATIVO DE DEMORA C/ OU S/ PREPARO BIOMECANICO,94,94,130260,2022-05
0307020045 TRATAMENTO ENDODONTICO DE DENTE PERMANENTE BIRRADICULAR,34,34,130260,2022-05
0307020053 TRATAMENTO ENDODONTICO DE DENTE PERMANENTE COM TRES OU MAIS RAIZES,53,53,130260,2022-05
0307020061 TRATAMENTO ENDODONTICO DE DENTE PERMANENTE UNIRRADICULAR,55,55,130260,2022-05
0307020070 PULPOTOMIA DENTARIA,1,1,130260,2022-05
0307020088 RETRATAMENTO ENDODONTICO EM DENTE PERMANENTE BI-RADICULAR,6,6,130260,2022-05
0307020096 RETRATAMENTO ENDODONTICO EM DENTE PERMANENTE COM 3 OU MAIS RAIZES,7,7,130260,2022-05
0307020100 RETRATAMENTO ENDODONTICO EM DENTE PERMANENTE UNI-RADICULAR,3,3,130260,2022-05
0307020118 SELAMENTO DE PERFURACAO RADICULAR,1,1,130260,2022-05
0307030024 RASPAGEM ALISAMENTO SUBGENGIVAIS (POR SEXTANTE),44,44,130260,2022-05
0307030032 RASPAGEM CORONO-RADICULAR (POR SEXTANTE),196,196,130260,2022-05
0307030040 PROFILAXIA / REMOCAO DA PLACA BACTERIANA,92,92,130260,2022-05
0307030059 RASPAGEM ALISAMENTO E POLIMENTO SUPRAGENGIVAIS (POR SEXTANTE),199,199,130260,2022-05
0307030083 TRATAMENTO DE PERICORONARITE,8,8,130260,2022-05
0307040011 COLOCACAO DE PLACA DE MORDIDA,18,18,130260,2022-05
0307040070 MOLDAGEM DENTO-GENGIVAL P/ CONSTRUCAO DE PROTESE DENTARIA,31,31,130260,2022-05
0307040119 INSTALACAO DE APARELHO ORTODONTICO/ORTOPEDICO FIXO,1,1,130260,2022-05
0307040127 MANUTENCAO/CONSERTO DE APARELHO ORTODONTICO/ORTOPEDICO,33,33,130260,2022-05
0307040151 AJUSTE OCLUSAL,2,2,130260,2022-05
0307040178 MOLDAGEM DENTO-GENGIVAL COM FINALIDADE ORTODONTICA,1,1,130260,2022-05
0309030080 INSTILACAO DE BEXIGA,1,1,130260,2022-05
0309050014 SESSAO DE ACUPUNTURA APLICACAO DE VENTOSAS / MOXA,304,304,130260,2022-05
0309050022 SESSAO DE ACUPUNTURA COM INSERCAO DE AGULHAS,544,544,130260,2022-05
0309050030 SESSAO DE ELETROESTIMULACAO,4217,4217,130260,2022-05
0309050049 SESSAO DE AURICULOTERAPIA,168,168,130260,2022-05
0309050090 TRATAMENTO QUIROPRATICO,1,1,130260,2022-05
0401010015 CURATIVO GRAU II C/ OU S/ DEBRIDAMENTO,16286,16286,130260,2022-05
0401010031 DRENAGEM DE ABSCESSO,14,14,130260,2022-05
0401010040 ELETROCOAGULACAO DE LESAO CUTANEA,34,34,130260,2022-05
0401010058 EXCISAO DE LESAO E/OU SUTURA DE FERIMENTO DA PELE ANEXOS E MUCOSA,2240,2240,130260,2022-05
0401010074 EXERESE DE TUMOR DE PELE E ANEXOS / CISTO SEBACEO / LIPOMA,228,228,130260,2022-05
0401010082 FRENECTOMIA/FRENOTOMIA,8,8,130260,2022-05
0401010090 FULGURACAO / CAUTERIZACAO QUIMICA DE LESOES CUTANEAS,1,1,130260,2022-05
0401010104 INCISAO E DRENAGEM DE ABSCESSO,477,477,130260,2022-05
0401010112 RETIRADA DE CORPO ESTRANHO SUBCUTANEO,64,64,130260,2022-05
0401010120 RETIRADA DE LESAO POR SHAVING,1,1,130260,2022-05
0401020177 CIRURGIA DE UNHA (CANTOPLASTIA),4,4,130260,2022-05
0403050081 NEUROTOMIA PERCUTANEA DE NERVOS PERIFERICOS POR AGENTES QUIMICOS,1,1,130260,2022-05
0404010270 REMOCAO DE CERUMEN DE CONDUTO AUDITIVO EXTERNO UNI / BILATERAL,101,101,130260,2022-05
0404010300 RETIRADA DE CORPO ESTRANHO DA CAVIDADE AUDITIVA E NASAL,2,2,130260,2022-05
0404010318 RETIRADA DE CORPO ESTRANHO DE OUVIDO / FARINGE / LARINGE / NARIZ,65,65,130260,2022-05
0404020054 DRENAGEM DE ABSCESSO DA BOCA E ANEXOS,30,30,130260,2022-05
0404020089 EXCISAO DE RANULA OU FENOMENO DE RETENCAO SALIVAR,1,1,130260,2022-05
0404020097 EXCISAO E SUTURA DE LESAO NA BOCA,34,34,130260,2022-05
0405010010 CORRECAO CIRURGICA DE ENTROPIO E ECTROPIO,2,2,130260,2022-05
0405010044 DRENAGEM DE ABSCESSO DE PALPEBRA,2,2,130260,2022-05
0405010079 EXERESE DE CALAZIO E OUTRAS PEQUENAS LESOES DA PALPEBRA E SUPERCILIOS,3,3,130260,2022-05
0405010141 SIMBLEFAROPLASTIA,1,1,130260,2022-05
0405010176 SUTURA DE PALPEBRAS,4,4,130260,2022-05
0405010184 TRATAMENTO CIRURGICO DE BLEFAROCALASE,1,1,130260,2022-05
0405010192 TRATAMENTO CIRURGICO DE TRIQUIASE C/ OU S/ ENXERTO,1,1,130260,2022-05
0405020015 CORRECAO CIRURGICA DE ESTRABISMO (ACIMA DE 2 MUSCULOS),1,1,130260,2022-05
0405030053 INJECAO INTRA-VITREO,57,57,130260,2022-05
0405030134 VITRECTOMIA ANTERIOR,10,10,130260,2022-05
0405030193 PAN-FOTOCOAGULACAO DE RETINA A LASER,18,18,130260,2022-05
0405030223 REMOCAO DE OLEO DE SILICONE,1,1,130260,2022-05
0405040075 EVISCERACAO DE GLOBO OCULAR,1,1,130260,2022-05
0405040105 EXPLANTE DE LENTE INTRA OCULAR,1,1,130260,2022-05
0405040130 INJECAO RETROBULBAR / PERIBULBAR,2,2,130260,2022-05
0405040202 TRATAMENTO DE PTOSE PALPEBRAL,12,12,130260,2022-05
0405050011 CAPSULECTOMIA POSTERIOR CIRURGICA,1,1,130260,2022-05
0405050020 CAPSULOTOMIA A YAG LASER,209,209,130260,2022-05
0405050070 CORRECAO CIRURGICA DE HERNIA DE IRIS,1,1,130260,2022-05
0405050089 EXERESE DE TUMOR DE CONJUNTIVA,7,7,130260,2022-05
0405050097 FACECTOMIA C/ IMPLANTE DE LENTE INTRA-OCULAR,8,8,130260,2022-05
0405050100 FACECTOMIA S/ IMPLANTE DE LENTE INTRA-OCULAR,1,1,130260,2022-05
0405050119 FACOEMULSIFICACAO C/ IMPLANTE DE LENTE INTRA-OCULAR RIGIDA,5,5,130260,2022-05
0405050127 FOTOTRABECULOPLASTIA A LASER,1,1,130260,2022-05
0405050143 IMPLANTE INTRA-ESTROMAL,3,3,130260,2022-05
0405050151 IMPLANTE SECUNDARIO DE LENTE INTRA-OCULAR - LIO,2,2,130260,2022-05
0405050194 IRIDOTOMIA A LASER,1,1,130260,2022-05
0405050216 RECOBRIMENTO CONJUNTIVAL,21,21,130260,2022-05
0405050224 RECONSTITUICAO DE FORNIX CONJUNTIVAL,53,53,130260,2022-05
0405050259 RETIRADA DE CORPO ESTRANHO DA CORNEA,9,9,130260,2022-05
0405050321 TRABECULECTOMIA,5,5,130260,2022-05
0405050364 TRATAMENTO CIRURGICO DE PTERIGIO,285,285,130260,2022-05
0405050372 FACOEMULSIFICACAO C/ IMPLANTE DE LENTE INTRA-OCULAR DOBRAVEL,694,694,130260,2022-05
0406020620 RETIRADA DE CATETER DE LONGA PERMANENCIA SEMI OU TOTALMENTE IMPLANTAVEL,9,9,130260,2022-05
0407010246 RETIRADA DE CORPO ESTRANHO DO TUBO DIGESTIVO POR ENDOSCOPIA,9,9,130260,2022-05
0407010254 RETIRADA DE POLIPO DO TUBO DIGESTIVO POR ENDOSCOPIA,21,21,130260,2022-05
0407010319 TRATAMENTO ESCLEROSANTE / LIGADURA ELASTICA DE LESAO HEMORRAGICA DO APARELHO DIGESTIVO,9,9,130260,2022-05
0407010327 TRATAMENTO ESCLEROSANTE DE LESOES NAO HEMORRAGICAS DO APARELHO DIGESTIVO INCLUINDO LIGADURA ELASTICA,8,8,130260,2022-05
0407020390 RETIRADA DE CORPO ESTRANHO / POLIPOS DO RETO / COLO SIGMOIDE,2,2,130260,2022-05
0407040196 PARACENTESE ABDOMINAL,38,38,130260,2022-05
0408010134 REDUCAO INCRUENTA DE LUXACAO OU FRATURA / LUXACAO ESCAPULO-UMERAL,7,7,130260,2022-05
0408020172 REDUCAO INCRUENTA DE FRATURA / LESAO FISARIA NO PUNHO,10,10,130260,2022-05
0408020199 REDUCAO INCRUENTA DE FRATURA DA DIAFISE DO UMERO,1,1,130260,2022-05
0408020202 REDUCAO INCRUENTA DE FRATURA DIAFISARIA DOS OSSOS DO ANTEBRACO,5,5,130260,2022-05
0408020210 REDUCAO INCRUENTA DE FRATURA DOS METACARPIANOS,1,1,130260,2022-05
0408020229 REDUCAO INCRUENTA DE LUXACAO / FRATURA-LUXACAO DO COTOVELO,5,5,130260,2022-05
0408020245 REDUCAO INCRUENTA DE LUXACAO OU FRATURA / LUXACAO NO PUNHO,2,2,130260,2022-05
0408050195 REDUCAO INCRUENTA DA LUXACAO / FRATURA-LUXACAO METATARSO-FALANGIANA / INTERFALANGIANA DO PE,4,4,130260,2022-05
0408050209 REDUCAO INCRUENTA DE FRATURA / LESAO FISARIA DOS METATARSIANOS,2,2,130260,2022-05
0408050225 REDUCAO INCRUENTA DE FRATURA DIAFISARIA / LESAO FISARIA DISTAL DA TIBIA C/ OU S/ FRATURA DA FIBULA,4,4,130260,2022-05
0408050268 REDUCAO INCRUENTA DE LUXACAO / FRATURA-LUXACAO DO JOELHO,1,1,130260,2022-05
0408050276 REDUCAO INCRUENTA DE LUXACAO FEMURO-PATELAR,1,1,130260,2022-05
0408060042 AMPUTACAO / DESARTICULACAO DE DEDO,1,1,130260,2022-05
0408060352 RETIRADA DE FIO OU PINO INTRA-OSSEO,5,5,130260,2022-05
0409050083 POSTECTOMIA,2,2,130260,2022-05
0409060089 EXCISAO TIPO I DO COLO UTERINO,1,1,130260,2022-05
0409060305 EXCISAO TIPO 2 DO COLO UTERINO,21,21,130260,2022-05
0410010014 DRENAGEM DE ABSCESSO DE MAMA,1,1,130260,2022-05
0410010030 EXERESE DE MAMA SUPRANUMERARIA,3,3,130260,2022-05
0414010361 EXERESE DE CISTO ODONTOGENICO E NAO-ODONTOGENICO,2,2,130260,2022-05
0414010370 TRATAMENTO CIRURGICO DE DENTE INCLUSO EM PACIENTE COM ANOMALIA CRANIO E BUCOMAXILOFACIAL,2,2,130260,2022-05
0414020049 CORRECAO DE BRIDAS MUSCULARES,3,3,130260,2022-05
0414020057 CORRECAO DE IRREGULARIDADES DE REBORDO ALVEOLAR,34,34,130260,2022-05
0414020073 CURETAGEM PERIAPICAL,89,89,130260,2022-05
0414020120 EXODONTIA DE DENTE DECIDUO,9,9,130260,2022-05
0414020138 EXODONTIA DE DENTE PERMANENTE,19,19,130260,2022-05
0414020146 EXODONTIA MULTIPLA COM ALVEOLOPLASTIA POR SEXTANTE,57,57,130260,2022-05
0414020154 GENGIVECTOMIA (POR SEXTANTE),7,7,130260,2022-05
0414020219 ODONTOSECCAO / RADILECTOMIA / TUNELIZACAO,32,32,130260,2022-05
0414020278 REMOCAO DE DENTE RETIDO (INCLUSO / IMPACTADO),193,193,130260,2022-05
0414020294 REMOCAO DE TORUS E EXOSTOSES,2,2,130260,2022-05
0414020375 TRATAMENTO CIRURGICO PERIODONTAL (POR SEXTANTE),9,9,130260,2022-05
0414020383 TRATAMENTO DE ALVEOLITE,1,1,130260,2022-05
0414020405 ULOTOMIA/ULECTOMIA,1,1,130260,2022-05
0414020430 EXODONTIA DE DENTE SUPRANUMERARIO,1,1,130260,2022-05
0415040035 DEBRIDAMENTO DE ULCERA / DE TECIDOS DESVITALIZADOS,2,2,130260,2022-05
0415040043 DEBRIDAMENTO DE ULCERA / NECROSE,1325,1325,130260,2022-05
0417010052 ANESTESIA REGIONAL,930,930,130260,2022-05
0417010060 SEDACAO,848,848,130260,2022-05
0418010013 CONFECCAO DE FISTULA ARTERIO-VENOSA C/ ENXERTIA DE POLITETRAFLUORETILENO (PTFE),2,2,130260,2022-05
0418010021 CONFECCAO DE FISTULA ARTERIO-VENOSA C/ ENXERTO AUTOLOGO,9,9,130260,2022-05
0418010030 CONFECCAO DE FISTULA ARTERIO-VENOSA P/ HEMODIALISE,53,53,130260,2022-05
0418010048 IMPLANTE DE CATETER DE LONGA PERMANENCIA P/ HEMODIALISE,76,76,130260,2022-05
0418010064 IMPLANTE DE CATETER DUPLO LUMEN P/HEMODIALISE,229,229,130260,2022-05
0418010080 IMPLANTE DE CATETER TIPO TENCKHOFF OU SIMILAR P/ DPA/DPAC,8,8,130260,2022-05
0418020019 INTERVENCAO EM FISTULA ARTERIO-VENOSA,3,3,130260,2022-05
0418020035 RETIRADA DE CATETER TIPO TENCKHOFF / SIMILAR DE LONGA PERMANENCIA,13,13,130260,2022-05
0501010017 COLETA DE SANGUE EM HEMOCENTRO P/ EXAMES DE HISTOCOMPATIBILIDADE (CADASTRO DE DOADOR NO REDOME),1,1,130260,2022-05
0501010025 IDENTIFICACAO DE DOADOR APARENTADO DE CELULAS-TRONCO HEMATOPOETICAS 1A FASE (POR DOADOR TIPADO),41,41,130260,2022-05
0501010050 IDENTIFICACAO DE DOADOR VOLUNTARIO DE CELULAS TRONCO HEMATOPOETICAS PARA CADASTRO NO REDOME (POR D,2,2,130260,2022-05
0501010068 ENTIFICACAO DE DOADOR NAO APARENTADO DE CELULAS-TRONCO HEMATOPOETICAS (POR DOADOR TIPADO),1,1,130260,2022-05
0501010076 CONFIRMACAO DE IDENTIFICACAO DE DOADOR NAO APARENTADO DE CELULAS TRONCO HEMATOPOETICAS (POR DO,2,2,130260,2022-05
0501010092 CONFIRMACAO DE TIPIFICACAO DE DOADOR NAO APARENTADO DE CELULAS TRONCO HEMATOPOETICAS (POR DOADOR T,7,7,130260,2022-05
0501010106 IDENTIFICACAO DE DOADOR APARENTADO DE CELULAS TRONCO HEMATOPOETICAS 2 FASE (POR DOADOR TIPADO),7,7,130260,2022-05
0501020039 CONFIRMACAO DE IDENTIFICACAO DE RECEPTOR DE CELULAS TRONCO HEMATOPOETICAS,8,8,130260,2022-05
0501020047 IDENTIFICACAO/CONFIRMACAO DE RECEPTOR DE CELULAS TRONCO HEMATOPOETICAS,13,13,130260,2022-05
"0501030077 MOBILIZACAO, COLETA E ACONDICIONAMENTO DE CELULAS TRONCO HEMATOPOETICAS DE SANGUE PERIFERICO NO BRA",1,1,130260,2022-05
0501030093 PROCESSAMENTO DE CRIOPRESEVACAO DE MEDULA OSSEA OU DE CELULAS TRONCO HEMATOPOETICAS DE SANGUE PERIF,1,1,130260,2022-05
0501040064 PROVAS CRUZADAS EM RECEPTORES DE DOADORES FALECIDOS (CROSS MATCH),19,19,130260,2022-05
0501050019 AVALIACAO DE REATIVIDADE DO RECEPTOR CONTRA PAINEL EM RECEPTORES HIPERSENSIBILIZADOS DE ORGAOS,29,29,130260,2022-05
0501050035 AVALIACAO DE REATIVIDADE EM RECEPTORES NAO SENSIBILIZADOS,30,30,130260,2022-05
0501050043 EXAMES DE PACIENTES EM LISTA DE ESPERA PARA TRANSPLANTES,4,4,130260,2022-05
0501050051 IDENTIFICACAO DE RECEPTOR DE ORGAOS,5,5,130260,2022-05
0501070028 SOROLOGIA DE POSSIVEL DOADOR DE ORGAO OU TECIDO EXCETO CORNEA,6,6,130260,2022-05
"0501070060 EXAMES PARA INCLUSAO EM LISTA DE CANDIDATOS A TRANSPLANTE DE PANCREAS, PULMAO OU RIM",13,13,130260,2022-05
0501080031 DOSAGEM DE CICLOSPORINA (EM PACIENTE TRANSPLANTADO),1,1,130260,2022-05
0501080058 DOSAGEM DE TACROLIMO (EM PACIENTE TRANSPLANTADO),90,90,130260,2022-05
0501080066 EXAMES DE RADIOLOGIA EM PACIENTE TRANSPLANTADO,1,1,130260,2022-05
0501080074 EXAMES MICROBIOLOGICOS EM PACIENTE TRANSPLANTADO,6,6,130260,2022-05
0501080090 ULTRASSONOGRAFIA DE ORGAO TRANSPLANTADO,1,1,130260,2022-05
0503010022 ACOES RELACIONADAS A DOACAO DE ORGAOS E TECIDOS REALIZADAS POR EQUIPE DE OUTRO ESTABELECIMENTO,12,12,130260,2022-05
0503030058 RETIRADA DE GLOBO OCULAR UNI / BILATERAL (P/ TRANSPLANTE),11,11,130260,2022-05
0503040061 ENTREVISTA FAMILIAR PARA DOACAO DE TECIDOS DE DOADORES COM CORACAO PARADO,11,11,130260,2022-05
0504010026 PROCESSAMENTO DE CORNEA / ESCLERA,12,12,130260,2022-05
0504010034 SEPARACAO E AVALIACAO BIOMICROSCOPICA DA CORNEA,22,22,130260,2022-05
0505010097 TRANSPLANTE DE CORNEA,6,6,130260,2022-05
0506010015 ACOMPANHAMENTO DE PACIENTE POS-TRANSPLANTE DE CORNEA,5,5,130260,2022-05
0506010023 ACOMPANHAMENTO DE PACIENTE POS-TRANSPLANTE DE RIM FIGADO CORACAO PULMAO CELULAS-TRONCO HEMATOPOETICA,167,167,130260,2022-05
"0506010031 ACOMPANHAMENTO DE DOADOR VIVO POS-DOACAO DE FIGADO, PULMAO OU RIM",1,1,130260,2022-05
0506010040 ACOMPANHAMENTO DE PACIENTES NO PRE TRANSPLANTE DE ORGAOS,61,61,130260,2022-05
0604010010 MESALAZINA 400 MG (POR COMPRIMIDO),9390,9390,130260,2022-05
0604010036 MESALAZINA 800 MG - POR COMPRIMIDO,9530,9530,130260,2022-05
0604010095 SULFASSALAZINA 500 MG (POR COMPRIMIDO),2970,2970,130260,2022-05
0604020023 DEFERASIROX 250 MG (POR COMPRIMIDO),150,150,130260,2022-05
0604020031 DEFERASIROX 500 MG (POR COMPRIMIDO),570,570,130260,2022-05
"0604030037 CABERGOLINA 0,5 MG (POR COMPRIMIDO)",818,818,130260,2022-05
"0604030045 PRAMIPEXOL 0,125 MG (POR COMPRIMIDO)",270,270,130260,2022-05
"0604030053 PRAMIPEXOL 0,25 MG (POR COMPRIMIDO)",10410,10410,130260,2022-05
0604030061 PRAMIPEXOL 1 MG (POR COMPRIMIDO),6288,6288,130260,2022-05
0604040059 FORMOTEROL 12 MCG + BUDESONIDA 400 MCG PO INALANTE (POR FRASCO DE 60 DOSES),862,862,130260,2022-05
0604040067 FORMOTEROL 6 MCG + BUDESONIDA 200 MCG PO INALANTE (POR FRASCO DE 60 DOSES),690,690,130260,2022-05
0604050070 MORFINA 10 MG (POR COMPRIMIDO),120,120,130260,2022-05
0604050089 MORFINA 30 MG (POR COMPRIMIDO),270,270,130260,2022-05
0604060017 COMPLEMENTO ALIMENTAR P/ PACIENTE FENILCETONURICO MENOR DE 1 ANO - FORMULA DE AMINOACIDOS ISENTA DE,4,4,130260,2022-05
0604060025 COMPLEMENTO ALIMENTAR P/ PACIENTE FENILCETONURICO MAIOR DE 1 ANO - FORMULA DE AMINOACIDOS ISENTA DE,33,33,130260,2022-05
0604080026 HIDROXICLOROQUINA 400 MG (POR COMPRIMIDO),7330,7330,130260,2022-05
0604090013 CICLOFOSFAMIDA 50 MG (POR DRAGEA),60,60,130260,2022-05
"0604100019 DESMOPRESSINA 0,1 MG/ML APLICACAO NASAL (POR FRASCO DE 2,5 ML",104,104,130260,2022-05
"0604100027 DESMOPRESSINA 0,1 MG (POR COMPRIMIDO)",30,30,130260,2022-05
"0604110022 GOSSERRELINA 10,80 MG INJETAVEL (POR SERINGA PREENCHIDA)",44,44,130260,2022-05
"0604110030 LEUPRORRELINA 3,75 MG INJETAVEL (POR FRASCO-AMPOLA)",261,261,130260,2022-05
"0604110049 LEUPRORRELINA 11,25 MG INJETAVEL (POR FRASCO-AMPOLA)",1,1,130260,2022-05
0604130015 DONEPEZILA 5 MG (POR COMPRIMIDO),2440,2440,130260,2022-05
0604130023 DONEPEZILA 10 MG (POR COMPRIMIDO),3637,3637,130260,2022-05
0604130031 GALANTAMINA 8 MG (POR CAPSULA DE LIBERACAO PROLONGADA),422,422,130260,2022-05
0604130040 GALANTAMINA 16 MG (POR CAPSULA DE LIBERACAO PROLONGADA),272,272,130260,2022-05
0604130058 GALANTAMINA 24 MG (POR CAPSULA DE LIBERACAO PROLONGADA),104,104,130260,2022-05
"0604130066 RIVASTIGMINA 1,5 MG (POR CAPSULA)",300,300,130260,2022-05
0604130082 RIVASTIGMINA 3 MG (POR CAPSULA),870,870,130260,2022-05
0604130104 RIVASTIGMINA 6 MG (POR CAPSULA),30,30,130260,2022-05
0604130112 PIRIDOSTIGMINA 60 MG (POR COMPRIMIDO),7710,7710,130260,2022-05
0604130120 RIVASTIGMINA 9 MG ADESIVO TRANSDERMICO,121,121,130260,2022-05
0604130139 RIVASTIGMINA 18 MG ADESIVO TRANSDERMICO,1470,1470,130260,2022-05
0604180012 CLOBAZAM 10 MG (POR COMPRIMIDO),6780,6780,130260,2022-05
0604190018 VIGABATRINA 500 MG (POR COMPRIMIDO),3150,3150,130260,2022-05
0604200013 AMANTADINA 100 MG (POR COMPRIMIDO),90,90,130260,2022-05
0604210019 ZIPRASIDONA 40 MG (POR CAPSULA),540,540,130260,2022-05
0604230010 OLANZAPINA 5 MG (POR COMPRIMIDO),1830,1830,130260,2022-05
0604230028 OLANZAPINA 10 MG (POR COMPRIMIDO),27396,27396,130260,2022-05
0604230036 QUETIAPINA 25 MG (POR COMPRIMIDO),3900,3900,130260,2022-05
0604230044 QUETIAPINA 100 MG (POR COMPRIMIDO),8850,8850,130260,2022-05
0604230052 QUETIAPINA 200 MG (POR COMPRIMIDO),13996,13996,130260,2022-05
0604230060 QUETIAPINA 300 MG (POR COMPRIMIDO),694,694,130260,2022-05
0604230079 CLOZAPINA 25 MG (POR COMPRIMIDO),90,90,130260,2022-05
0604230087 CLOZAPINA 100 MG (POR COMPRIMIDO),20056,20056,130260,2022-05
0604240031 IMIGLUCERASE 400 U INJETAVEL (POR FRASCO-AMPOLA),160,160,130260,2022-05
"0604240066 LARONIDASE 0,58 MG SOLUCAO INJETAVEL (FRASCO DE 5 ML)",40,40,130260,2022-05
0604240074 IDURSULFASE ALFA 2 MG/ML SOLUCAO INJETAVEL (FRASCO DE 3 ML),108,108,130260,2022-05
0604250045 ELTROMBOPAGUE OLAMINA 50 MG (POR COMPRIMIDO),90,90,130260,2022-05
0604260016 SACARATO DE HIDROXIDO FERRICO 100 MG INJETAVEL (POR FRASCO DE 5 ML),3766,3766,130260,2022-05
0604290020 OCTREOTIDA LAR 20 MG INJETAVEL (POR FRASCO-AMPOLA),10,10,130260,2022-05
0604290039 OCTREOTIDA LAR 30 MG INJETAVEL (POR FRASCO-AMPOLA),1,1,130260,2022-05
0604290071 LANREOTIDA 90 MG INJETAVEL (POR SERINGA PREENCHIDA),1,1,130260,2022-05
"0604310056 IMUNOGLOBULINA HUMANA 5,0 G INJETAVEL (POR FRASCO)",491,491,130260,2022-05
"0604320019 EVEROLIMO 0,5 MG (POR COMPRIMIDO)",337,337,130260,2022-05
0604320035 EVEROLIMO 1 MG (POR COMPRIMIDO),2396,2396,130260,2022-05
0604320043 LEFLUNOMIDA 20 MG (POR COMPRIMIDO),12124,12124,130260,2022-05
0604320051 MICOFENOLATO DE MOFETILA 500 MG (POR COMPRIMIDO),2541,2541,130260,2022-05
0604320060 MICOFENOLATO DE SODIO 180 MG (POR COMPRIMIDO),60,60,130260,2022-05
0604320078 MICOFENOLATO DE SODIO 360 MG (POR COMPRIMIDO),18925,18925,130260,2022-05
0604320086 SIROLIMO 1 MG (POR DRAGEA),1611,1611,130260,2022-05
0604320094 SIROLIMO 2 MG (POR DRAGEA),123,123,130260,2022-05
0604320116 NATALIZUMABE 300MG (POR FRASCO-AMPOLA),18,18,130260,2022-05
"0604320132 FINGOLIMODE 0,5 MG (POR CAPSULA)",606,606,130260,2022-05
0604320159 TOFACITINIBE 5 MG (POR COMPRIMIDO),4020,4020,130260,2022-05
0604330014 ILOPROSTA 10 MCG/ML SOLUCAO PARA NEBULIZACAO (AMPOLA DE 1 ML),279,279,130260,2022-05
0604340028 CICLOSPORINA 25 MG (POR CAPSULA),270,270,130260,2022-05
0604340036 CICLOSPORINA 50 MG (POR CAPSULA),4597,4597,130260,2022-05
0604340044 CICLOSPORINA 100 MG (POR CAPSULA),1985,1985,130260,2022-05
0604340052 CICLOSPORINA 100 MG/ML SOLUCAO ORAL (POR FRASCO DE 50 ML),9,9,130260,2022-05
0604340060 TACROLIMO 1 MG (POR CAPSULA),45424,45424,130260,2022-05
0604340079 TACROLIMO 5 MG (POR CAPSULA),1599,1599,130260,2022-05
0604350015 SILDENAFILA 20 MG (POR COMPRIMIDO),4872,4872,130260,2022-05
0604360010 ATORVASTATINA 10 MG (POR COMPRIMIDO),58,58,130260,2022-05
0604360029 ATORVASTATINA 20 MG (POR COMPRIMIDO),2070,2070,130260,2022-05
0604360126 PRAVASTATINA 40 MG (POR COMPRIMIDO),30,30,130260,2022-05
0604380011 ADALIMUMABE 40 MG INJETAVEL (POR SERINGA PREENCHIDA),609,609,130260,2022-05
0604380038 ETANERCEPTE 50MG INJETAVEL (POR FRASCO-AMPOLA OU SERINGA PREENCHIDA)(ORIGINADOR),89,89,130260,2022-05
0604380046 INFLIXIMABE 10 MG/ML INJETAVEL (POR FRASCO-AMPOLA COM 10 ML),5,5,130260,2022-05
0604380054 INFLIXIMABE 10 MG/ML INJETAVEL (POR FRASCO-AMPOLA COM 10 ML),29,29,130260,2022-05
0604380062 ADALIMUMABE 40 MG INJETAVEL (POR SERINGA PREENCHIDA),263,263,130260,2022-05
0604380070 CERTOLIZUMABE PEGOL 200 MG/ML INJETAVEL (POR SERINGA PREENCHIDA),143,143,130260,2022-05
0604380089 GOLIMUMABE 50 MG INJETAVEL (POR SERINGA PREENCHIDA,31,31,130260,2022-05
"0604390092 BETAINTERFERONA 1A 6000000 UI (30 MCG) INJETAVEL (POR FRASCO-AMPOLA, SERINGA PREENCHIDA OU CANETA",12,12,130260,2022-05
0604390106 BETAINTERFERONA 1A 12000000 UI (44 MCG) INJETAVEL (POR SERINGA PREENCHIDA),64,64,130260,2022-05
0604390114 BETAINTERFERONA 1B 9600000 UI (300MCG) INJETAVEL (POR FRASCO-AMPOLA),30,30,130260,2022-05
0604400012 SEVELAMER 800 MG (POR COMPRIMIDO),106038,106038,130260,2022-05
0604410018 METADONA 5 MG (POR COMPRIMIDO),30,30,130260,2022-05
0604430019 RALOXIFENO 60 MG (POR COMPRIMIDO),60,60,130260,2022-05
"0604440014 ALFADORNASE 2,5 MG (POR AMPOLA)",90,90,130260,2022-05
0604470045 ALFAEPOETINA 4000 UI INJETAVEL (POR FRASCO-AMPOLA),15721,15721,130260,2022-05
0604480016 HIDROXIUREIA 500 MG (POR CAPSULA),3164,3164,130260,2022-05
0604490011 ENTACAPONA 200 MG (POR COMPRIMIDO),1800,1800,130260,2022-05
0604500017 GABAPENTINA 300 MG (POR CAPSULA),15242,15242,130260,2022-05
0604500025 GABAPENTINA 400 MG (POR CAPSULA),1560,1560,130260,2022-05
0604500041 LAMOTRIGINA 50 MG (POR COMPRIMIDO),150,150,130260,2022-05
0604500050 LAMOTRIGINA 100 MG (POR COMPRIMIDO),10670,10670,130260,2022-05
0604500068 TOPIRAMATO 25 MG (POR COMPRIMIDO),2220,2220,130260,2022-05
0604500076 TOPIRAMATO 50 MG (POR COMPRIMIDO),9483,9483,130260,2022-05
0604500084 TOPIRAMATO 100 MG (POR COMPRIMIDO),1150,1150,130260,2022-05
0604510012 RISPERIDONA 1 MG (POR COMPRIMIDO),2060,2060,130260,2022-05
0604510020 RISPERIDONA 2 MG (POR COMPRIMIDO),2190,2190,130260,2022-05
"0604510047 RISPERIDONA 1,0 MG/ML SOLUCAO ORAL (POR FRASCO DE 30 ML)",99,99,130260,2022-05
0604530013 AZATIOPRINA 50 MG (POR COMPRIMIDO),30234,30234,130260,2022-05
"0604530021 METOTREXATO 2,5 MG (POR COMPRIMIDO)",10056,10056,130260,2022-05
0604540019 RILUZOL 50 MG (POR COMPRIMIDO),1620,1620,130260,2022-05
0604540027 FUMARATO DE DIMETILA 120 MG (POR CAPSULA),14,14,130260,2022-05
0604540035 FUMARATO DE DIMETILA 240 MG (POR CAPSULA),1386,1386,130260,2022-05
0604540043 TERIFLUNOMIDA 14 MG (POR COMPRIMIDO),210,210,130260,2022-05
0604550014 TOXINA BOTULINICA TIPO A 100 U INJETAVEL (POR FRASCO-AMPOLA),56,56,130260,2022-05
0604550022 TOXINA BOTULINICA TIPO A 500 U INJETAVEL (POR FRASCO-AMPOLA),4,4,130260,2022-05
0604580010 PANCREATINA 10000 UI (POR CAPSULA),300,300,130260,2022-05
0604580029 PANCREATINA 25000 UI (POR CAPSULA),2500,2500,130260,2022-05
0604590024 ISOTRETINOINA 20 MG (POR CAPSULA),4230,4230,130260,2022-05
0604600011 ACITRETINA 10 MG (POR CAPSULA),4146,4146,130260,2022-05
0604610017 SOMATROPINA 4 UI INJETAVEL (POR FRASCO-AMPOLA),4976,4976,130260,2022-05
0604610025 SOMATROPINA 12 UI INJETAVEL (POR FRASCO-AMPOLA),1009,1009,130260,2022-05
"0604620039 CALCITRIOL 0,25 MCG (POR CAPSULA)",48,48,130260,2022-05
0604630018 MIGLUSTATE 100 MG (POR CAPSULA),63,63,130260,2022-05
"0604650019 BIMATOPROSTA 0,3 MG/ML SOLUCAO OFTALMICA (POR FRASCO DE 3 ML)",40,40,130260,2022-05
"0604650027 LATANOPROSTA 0,05 MG/ML SOLUCAO OFTALMICA (POR FRASCO DE 2,5 ML)",40,40,130260,2022-05
"0604650035 TRAVOPROSTA 0,04 MG/ML SOLUCAO OFTALMICA (POR FRASCO DE 2,5 ML)",98,98,130260,2022-05
0604660014 BRINZOLAMIDA 10 MG/ML SUSPENSAO OFTALMICA (POR FRASCO DE 5 ML),25,25,130260,2022-05
"0604670010 BRIMONIDINA 2,0 MG/ML SOLUCAO OFTALMICA (POR FRASCO DE 5 ML)",132,132,130260,2022-05
0604680023 RITUXIMABE 500 MG INJETAVEL (POR FRASCO-AMPOLA DE 50 ML) (ORIGINADOR),8,8,130260,2022-05
0604690010 TOCILIZUMABE 20 MG/ML INJETAVEL (POR FRASCO-AMPOLA DE 4 ML),394,394,130260,2022-05
0604690029 SECUQUINUMABE 150 MG/ML SOLUCAO INJETAVEL (POR SERINGA PREENCHIDA),148,148,130260,2022-05
0604700016 CALCIPOTRIOL 50 MCG/G POMADA (POR BISNAGA DE 30 G),268,268,130260,2022-05
"0604710011 CLOBETASOL 0,5 MG/G CREME (POR BISNAGA DE 30 G)",14,14,130260,2022-05
"0604740018 TIMOLOL 5,0 MG/ML SOLUCAO OFTALMICA (POR FRASCO DE 5 ML)",144,144,130260,2022-05
0604750021 AMBRISENTANA 10MG (POR COMPRIMIDO REVESTIDO),91,91,130260,2022-05
0604750048 BOSENTANA 125MG (POR COMRIMIDO REVESTIDO),932,932,130260,2022-05
0604770014 CINACALCETE 30 MG (POR COMPRIMIDO),5790,5790,130260,2022-05
0604770022 CINACALCETE 60 MG (POR COMPRIMIDO),300,300,130260,2022-05
0604780010 INSULINA ANALOGA DE ACAO RAPIDA 100 UI/ML (TUBETES DE 3ML),269,269,130260,2022-05
0604830017 SACUBITRIL VALSARTANA SODICA HIDRATADA 50 MG (POR COMPRIMIDO),60,60,130260,2022-05
0701010010 ANDADOR FIXO / ARTICULADO EM ALUMINIO COM QUATRO PONTEIRAS,3,3,130260,2022-05
0701010029 CADEIRA DE RODAS ADULTO / INFANTIL (TIPO PADRAO),10,10,130260,2022-05
0701010037 CADEIRA DE RODAS PARA BANHO COM ASSENTO SANITARIO,4,4,130260,2022-05
0701010045 CADEIRA DE RODAS PARA TETRAPLEGICO - TIPO PADRAO,3,3,130260,2022-05
0701010053 CALCADOS ANATOMICOS COM PALMILHAS PARA PES NEUROPATICOS (PAR),21,21,130260,2022-05
0701010100 CARRINHO DOBRAVEL PARA TRANSPORTE DE CRIANCA COM DEFICIENCIA,22,22,130260,2022-05
0701010118 BENGALA CANADENSE REGULAVEL EM ALTURA (PAR),3,3,130260,2022-05
0701010134 MULETA AXILAR TUBULAR EM ALUMINIO REGULAVEL NA ALTURA (PAR),3,3,130260,2022-05
0701010142 PALMILHAS CONFECCIONADAS SOB MEDIDA (PAR),3,3,130260,2022-05
0701010150 PALMILHAS PARA PES NEUROPATICOS CONFECCIONADAS SOB MEDIDA PARA ADULTOS OU CRIANCAS (PAR),77,77,130260,2022-05
0701010177 PALMILHAS PARA SUSTENTACAO DOS ARCOS PLANTARES NUMEROS ACIMA DE 34 (PAR),1,1,130260,2022-05
0701010207 CADEIRA DE RODAS MONOBLOCO,11,11,130260,2022-05
0701020016 ORTESE / CINTA LSO TIPO PUTTI (BAIXA),1,1,130260,2022-05
0701020075 ORTESE CRUROMALEOLAR PARA LIMITACAO DOS MOVIMENTOS DO JOELHO,1,1,130260,2022-05
0701020164 ORTESE METALICA SUROPODALICA (INFANTIL),3,3,130260,2022-05
0701020210 ORTESE SUROPODALICA ARTICULADA EM POLIPROPILENO INFANTIL,4,4,130260,2022-05
0701020229 ORTESE SUROPODALICA SEM ARTICULACAO EM POLIPROPILENO (ADULTO),4,4,130260,2022-05
0701020237 ORTESE SUROPODALICA SEM ARTICULACAO EM POLIPROPILENO (INFANTIL),6,6,130260,2022-05
0701020326 ORTESE TORACICA COLETE DINAMICA DE COMPRESSAO TORACICA,1,1,130260,2022-05
0701020334 PROTESE CANADENSE ENDOESQUELETICA EM ALUMINIO OU ACO (DESARTICULACAO DO QUADRIL),2,2,130260,2022-05
0701020369 PROTESE ENDOESQUELETICA TRANSFEMURAL EM ALUMINIO OU ACO,2,2,130260,2022-05
0701020377 PROTESE ENDOESQUELETICA TRANSTIBIAL TIPO PTB-PTS-KBM EM ALUMINIO OU ACO,1,1,130260,2022-05
0701030127 APARELHO DE AMPLIFICACAO SONORA INDIVIDUAL (AASI) EXTERNO RETRO-AURICULAR TIPO A,12,12,130260,2022-05
0701030135 APARELHO DE AMPLIFICACAO SONORA INDIVIDUAL (AASI) EXTERNO RETRO-AURICULAR TIPO B,41,41,130260,2022-05
0701030143 APARELHO DE AMPLIFICACAO SONORA INDIVIDUAL (AASI) EXTERNO RETRO-AURICULAR TIPO C,134,134,130260,2022-05
0701030151 MOLDE AURICULAR (REPOSICAO),41,41,130260,2022-05
0701030224 REPOSICAO DE AASI EXTERNO INTRA-CANAL TIPO B,2,2,130260,2022-05
0701030275 REPOSICAO DE AASI EXTERNO RETROAURICULAR TIPO A,4,4,130260,2022-05
0701030283 REPOSICAO DE AASI EXTERNO RETROAURICULAR TIPO B,9,9,130260,2022-05
0701030291 REPOSICAO DE AASI EXTERNO RETROAURICULAR TIPO C,30,30,130260,2022-05
"0701040050 OCULOS COM LENTES CORRETIVAS IGUAIS / MAIORES QUE 0,5 DIOPTRIAS",1,1,130260,2022-05
0701050020 BOLSA DE COLOSTOMIA COM ADESIVO MICROPORO DRENAVEL,6021,6021,130260,2022-05
0701050047 CONJUNTO DE PLACA E BOLSA PARA OSTOMA INTESTINAL,1764,1764,130260,2022-05
0701060018 BARREIRAS PROTETORAS DE PELE SINTETICA E/OU MISTA EM FORMA DE PO / PASTA E/OU PLACA,224,224,130260,2022-05
0701060026 BOLSA COLETORA P/ UROSTOMIZADOS,168,168,130260,2022-05
0701060042 CONJUNTO DE PLACA E BOLSA PARA UROSTOMIZADOS,224,224,130260,2022-05
0701070021 APARELHO ORTOPEDICO E ORTODONTICO REMOVIVEL,12,12,130260,2022-05
0701070030 APARELHO P/ BLOQUEIO MAXILO-MANDIBULAR,1,1,130260,2022-05
0701070056 COROA PROVISORIA,6,6,130260,2022-05
0701070064 MANTENEDOR DE ESPACO,4,4,130260,2022-05
0701070080 PLANO INCLINADO,1,1,130260,2022-05
0701070099 PROTESE PARCIAL MANDIBULAR REMOVIVEL,182,182,130260,2022-05
0701070102 PROTESE PARCIAL MAXILAR REMOVIVEL,156,156,130260,2022-05
0701070129 PROTESE TOTAL MANDIBULAR,157,157,130260,2022-05
0701070137 PROTESE TOTAL MAXILAR,277,277,130260,2022-05
0701070145 PROTESES CORONARIAS / INTRA-RADICULARES FIXAS / ADESIVAS (POR ELEMENTO),22,22,130260,2022-05
0701070170 APARELHO ORTODONTICO FIXO,1,1,130260,2022-05
0701090030 SUBSTITUICAO DE ESPUMA E MEIA COSMETICA EM PROTESE TRANSTIBIAL ENDOESQUELETICA,2,2,130260,2022-05
0701090073 SUBSTITUICAO DE PE SACH / ARTICULADO,1,1,130260,2022-05
0701090081 SUBSTITUICAO DO ENCAIXE INTERNO FLEXIVEL PARA PROTESE TRANSTIBIAL EXOESQUELETICA / ENDOESQUELETIC,1,1,130260,2022-05
0702100013 CATETER DE LONGA PERMANENCIA P/ HEMODIALISE,25,25,130260,2022-05
0702100021 CATETER P/ SUBCLAVIA DUPLO LUMEN P/ HEMODIALISE,230,230,130260,2022-05
0702100048 CONJTROCA P/DPA (PACIENTE-MES C/ INSTALACAO DOMICILIAR E MANUTENCAO DA MAQUINA CICLADORA),8,8,130260,2022-05
0702100064 CONJUNTO DE TROCA PARA PACIENTE SUBMETIDO A DPAC (PACIENTE-MES) CORRESPONDENTE A 120 UNIDADES,18,18,130260,2022-05
0702100099 DILATADOR P/ IMPLANTE DE CATETER DUPLO LUMEN,230,230,130260,2022-05
0702100102 GUIA METALICO P/ INTRODUCAO DE CATETER DUPLO LUMEN,230,230,130260,2022-05
0702120065 LIQUIDO DE PRESERVACAO PARA TRANSPLANTE DA CORNEA (20 ML),22,22,130260,2022-05
0803010010 AJUDA DE CUSTO P/ ALIMENTACAO/PERNOITE DE PACIENTE,2116,2116,130260,2022-05
0803010044 AJUDA DE CUSTO PARA ALIMENTACAO/PERNOITE DE ACOMPANHANTE,2071,2071,130260,2022-05
0803010079 UNIDADE DE REMUNERACAO PARA DESLOCAMENTO DE ACOMPANHANTE POR TRANSPORTE AEREO (CADA 200 MILHAS),1587,1587,130260,2022-05
0803010087 UNIDADE DE REMUNERACAO PARA DESLOCAMENTO DE PACIENTE POR TRANSPORTE AEREO (CADA 200 MILHAS),1755,1755,130260,2022-05
0803010095 UNIDADE DE REMUNERACAO PARA DESLOCAMENTO DE ACOMPANHANTE POR TRANSPORTE FLUVIAL (CADA 27 MILHAS NA,6412,6412,130260,2022-05
0803010109 UNIDADE DE REMUNERACAO PARA DESLOCAMENTO DE ACOMPANHANTE POR TRANSPORTE TERRESTRE (CADA 50 KM DE DI,6,6,130260,2022-05
0803010117 UNIDADE DE REMUNERACAO PARA DESLOCAMENTO DE PACIENTE POR TRANSPORTE FLUVIAL (CADA 27 MILHAS NAUTIC,9148,9148,130260,2022-05
0803010125 UNIDADE DE REMUNERACAO PARA DESLOCAMENTO DE PACIENTE POR TRANSPORTE TERRESTRE (CADA 50 KM ),636,636,130260,2022-05
0803010133 UNIDADE DE REMUNERACAO P/DESLOCAMENTO INTERESTADUAL DE ACOMPANHANTE POR TRANSPORTE AEREO (CADA 200,4,4,130260,2022-05
0803010141 UNIDADE DE REMUNERACAO P/DESLOCAMENTO INTERESTADUAL DE PACIENTE POR TRANSPORTE AEREO (CADA 200 MIL,8,8,130260,2022-05
