procedimento,2020,total,municipio_ibge,competencia,sexo
0101030029 VISITA DOMICILIAR/INSTITUCIONAL POR PROFISSIONAL DE NIVEL SUPERIOR,1,1,130260,2020-06,M
0201010046 BIOPSIA DE ANUS E CANAL ANAL,2,2,130260,2020-06,M
0201010267 BIOPSIA DE LESAO DE PARTES MOLES (POR AGULHA / CEU ABERTO),1,1,130260,2020-06,M
0201010275 BIOPSIA DE MEDULA OSSEA,3,3,130260,2020-06,M
0201010372 BIOPSIA DE PELE E PARTES MOLES,22,22,130260,2020-06,M
0201010410 BIOPSIA DE PROSTATA VIA TRANSRETAL,12,12,130260,2020-06,M
0201010470 BIOPSIA DE TIREOIDE OU PARATIREOIDE - PAAF,4,4,130260,2020-06,M
0201020017 COLETA DE LAVADO BRONCO-ALVEOLAR,3,3,130260,2020-06,M
0201020025 COLETA DE LINFA PARA PESQUISA DE M LEPRAE,2,2,130260,2020-06,M
0201020041 COLETA DE MATERIAL PARA EXAME LABORATORIAL,233,233,130260,2020-06,M
0201020050 COLETA DE SANGUE PARA TRIAGEM NEONATAL,8,8,130260,2020-06,M
0202010023 DETERMINACAO DE CAPACIDADE DE FIXACAO DO FERRO,82,82,130260,2020-06,M
0202010040 DETERMINACAO DE CURVA GLICEMICA (2 DOSAGENS),33,33,130260,2020-06,M
0202010074 DETERMINACAO DE CURVA GLICEMICA CLASSICA (5 DOSAGENS),1,1,130260,2020-06,M
0202010112 DOSAGEM DE ACIDO ASCORBICO,2,2,130260,2020-06,M
0202010120 DOSAGEM DE ACIDO URICO,771,771,130260,2020-06,M
0202010147 DOSAGEM DE ALDOLASE,7,7,130260,2020-06,M
0202010155 DOSAGEM DE ALFA-1-ANTITRIPSINA,2,2,130260,2020-06,M
0202010180 DOSAGEM DE AMILASE,71,71,130260,2020-06,M
0202010201 DOSAGEM DE BILIRRUBINA TOTAL E FRACOES,457,457,130260,2020-06,M
0202010210 DOSAGEM DE CALCIO,922,922,130260,2020-06,M
0202010228 DOSAGEM DE CALCIO IONIZAVEL,30,30,130260,2020-06,M
0202010252 DOSAGEM DE CERULOPLASMINA,2,2,130260,2020-06,M
0202010260 DOSAGEM DE CLORETO,81,81,130260,2020-06,M
0202010279 DOSAGEM DE COLESTEROL HDL,1869,1869,130260,2020-06,M
0202010287 DOSAGEM DE COLESTEROL LDL,1854,1854,130260,2020-06,M
0202010295 DOSAGEM DE COLESTEROL TOTAL,2270,2270,130260,2020-06,M
0202010309 DOSAGEM DE COLINESTERASE,1,1,130260,2020-06,M
0202010317 DOSAGEM DE CREATININA,2724,2724,130260,2020-06,M
0202010325 DOSAGEM DE CREATINOFOSFOQUINASE (CPK),171,171,130260,2020-06,M
0202010333 DOSAGEM DE CREATINOFOSFOQUINASE FRACAO MB,58,58,130260,2020-06,M
0202010368 DOSAGEM DE DESIDROGENASE LATICA,90,90,130260,2020-06,M
0202010376 DOSAGEM DE DESIDROGENASE LATICA (ISOENZIMAS FRACIONADAS),1,1,130260,2020-06,M
0202010384 DOSAGEM DE FERRITINA,603,603,130260,2020-06,M
0202010392 DOSAGEM DE FERRO SERICO,510,510,130260,2020-06,M
0202010406 DOSAGEM DE FOLATO,23,23,130260,2020-06,M
0202010414 DOSAGEM DE FOSFATASE ACIDA TOTAL,3,3,130260,2020-06,M
0202010422 DOSAGEM DE FOSFATASE ALCALINA,835,835,130260,2020-06,M
0202010430 DOSAGEM DE FOSFORO,707,707,130260,2020-06,M
0202010465 DOSAGEM DE GAMA-GLUTAMIL-TRANSFERASE (GAMA GT),537,537,130260,2020-06,M
0202010473 DOSAGEM DE GLICOSE,3048,3048,130260,2020-06,M
0202010481 DOSAGEM DE GLICOSE-6-FOSFATO DESIDROGENASE,2,2,130260,2020-06,M
0202010503 DOSAGEM DE HEMOGLOBINA GLICOSILADA,867,867,130260,2020-06,M
0202010538 DOSAGEM DE LACTATO,16,16,130260,2020-06,M
0202010554 DOSAGEM DE LIPASE,32,32,130260,2020-06,M
0202010562 DOSAGEM DE MAGNESIO,284,284,130260,2020-06,M
0202010570 DOSAGEM DE MUCO-PROTEINAS,6,6,130260,2020-06,M
0202010600 DOSAGEM DE POTASSIO,1373,1373,130260,2020-06,M
0202010619 DOSAGEM DE PROTEINAS TOTAIS,28,28,130260,2020-06,M
0202010627 DOSAGEM DE PROTEINAS TOTAIS E FRACOES,513,513,130260,2020-06,M
0202010635 DOSAGEM DE SODIO,921,921,130260,2020-06,M
0202010643 DOSAGEM DE TRANSAMINASE GLUTAMICO-OXALACETICA (TGO),1788,1788,130260,2020-06,M
0202010651 DOSAGEM DE TRANSAMINASE GLUTAMICO-PIRUVICA (TGP),2328,2328,130260,2020-06,M
0202010660 DOSAGEM DE TRANSFERRINA,420,420,130260,2020-06,M
0202010678 DOSAGEM DE TRIGLICERIDEOS,2106,2106,130260,2020-06,M
0202010694 DOSAGEM DE UREIA,3214,3214,130260,2020-06,M
0202010708 DOSAGEM DE VITAMINA B12,201,201,130260,2020-06,M
0202010724 ELETROFORESE DE PROTEINAS,7,7,130260,2020-06,M
0202010732 GASOMETRIA (PH PCO2 PO2 BICARBONATO AS2 (EXCESSO OU DEFICIT BASE ),114,114,130260,2020-06,M
0202010759 TESTE DE TOLERANCIA A INSULINA / HIPOGLICEMIANTES ORAIS,1,1,130260,2020-06,M
0202010767 DOSAGEM DE 25 HIDROXIVITAMINA D,545,545,130260,2020-06,M
0202020029 CONTAGEM DE PLAQUETAS,138,138,130260,2020-06,M
0202020037 CONTAGEM DE RETICULOCITOS,7,7,130260,2020-06,M
0202020070 DETERMINACAO DE TEMPO DE COAGULACAO,349,349,130260,2020-06,M
0202020096 DETERMINACAO DE TEMPO DE SANGRAMENTO -DUKE,338,338,130260,2020-06,M
0202020100 DETERMINACAO DE TEMPO DE SANGRAMENTO DE IVY,6,6,130260,2020-06,M
0202020118 DETERMINACAO DE TEMPO DE SOBREVIDA DE HEMACIAS,1,1,130260,2020-06,M
0202020126 DETERMINACAO DE TEMPO DE TROMBINA,5,5,130260,2020-06,M
0202020134 DETERMINACAO DE TEMPO DE TROMBOPLASTINA PARCIAL ATIVADA (TTP ATIVADA),139,139,130260,2020-06,M
0202020142 DETERMINACAO DE TEMPO E ATIVIDADE DA PROTROMBINA (TAP),362,362,130260,2020-06,M
0202020150 DETERMINACAO DE VELOCIDADE DE HEMOSSEDIMENTACAO (VHS),181,181,130260,2020-06,M
0202020169 DOSAGEM DE ANTICOAGULANTE CIRCULANTE,1,1,130260,2020-06,M
0202020290 DOSAGEM DE FIBRINOGENIO,1,1,130260,2020-06,M
0202020304 DOSAGEM DE HEMOGLOBINA,4,4,130260,2020-06,M
0202020355 ELETROFORESE DE HEMOGLOBINA,4,4,130260,2020-06,M
"0202020363 ERITROGRAMA (ERITROCITOS, HEMOGLOBINA, HEMATOCRITO)",69,69,130260,2020-06,M
0202020371 HEMATOCRITO,15,15,130260,2020-06,M
0202020380 HEMOGRAMA COMPLETO,3905,3905,130260,2020-06,M
0202020398 LEUCOGRAMA,57,57,130260,2020-06,M
0202020436 PESQUISA DE FILARIA,4,4,130260,2020-06,M
0202020452 PESQUISA DE PLASMODIO,13,13,130260,2020-06,M
0202020460 PESQUISA DE TRIPANOSSOMA,1,1,130260,2020-06,M
0202020487 PROVA DE CONSUMO DE PROTROMBINA,1,1,130260,2020-06,M
0202020495 PROVA DE RETRACAO DO COAGULO,244,244,130260,2020-06,M
0202020509 PROVA DO LACO,251,251,130260,2020-06,M
0202020525 TESTE DE AGREGACAO DE PLAQUETAS,1,1,130260,2020-06,M
0202030024 CONTAGEM DE LINFOCITOS CD4/CD8,371,371,130260,2020-06,M
0202030059 DETECCAO DE RNA DO VIRUS DA HEPATITE C (QUALITATIVO),3,3,130260,2020-06,M
0202030067 DETERMINACAO DE COMPLEMENTO (CH50),1,1,130260,2020-06,M
0202030075 DETERMINACAO DE FATOR REUMATOIDE,130,130,130260,2020-06,M
0202030083 DETERMINACAO QUANTITATIVA DE PROTEINA C REATIVA,407,407,130260,2020-06,M
0202030091 DOSAGEM DE ALFA-FETOPROTEINA,12,12,130260,2020-06,M
0202030105 DOSAGEM DE ANTIGENO PROSTATICO ESPECIFICO (PSA),718,718,130260,2020-06,M
0202030113 DOSAGEM DE BETA-2-MICROGLOBULINA,1,1,130260,2020-06,M
0202030121 DOSAGEM DE COMPLEMENTO C3,11,11,130260,2020-06,M
0202030130 DOSAGEM DE COMPLEMENTO C4,10,10,130260,2020-06,M
0202030164 DOSAGEM DE IMUNOGLOBULINA E (IGE),2,2,130260,2020-06,M
0202030202 DOSAGEM DE PROTEINA C REATIVA,423,423,130260,2020-06,M
0202030237 IMUNOFENOTIPAGEM DE HEMOPATIAS MALIGNAS (POR MARCADOR),84,84,130260,2020-06,M
0202030245 INTRADERMORREACAO COM DERIVADO PROTEICO PURIFICADO (PPD),10,10,130260,2020-06,M
0202030253 PESQUISA DE ANTICORPO IGG ANTICARDIOLIPINA,1,1,130260,2020-06,M
0202030261 PESQUISA DE ANTICORPO IGM ANTICARDIOLIPINA,1,1,130260,2020-06,M
0202030270 PESQUISA DE ANTICORPOS ANTI-DNA,5,5,130260,2020-06,M
0202030288 PESQUISA DE ANTICORPOS ANTI-HELICOBACTER PYLORI,7,7,130260,2020-06,M
0202030296 PESQUISA DE ANTICORPOS ANTI-HIV-1 (WESTERN BLOT),6,6,130260,2020-06,M
0202030300 PESQUISA DE ANTICORPOS ANTI-HIV-1 + HIV-2 (ELISA),361,361,130260,2020-06,M
0202030318 PESQUISA DE ANTICORPOS ANTI-HTLV-1 + HTLV-2,6,6,130260,2020-06,M
0202030342 PESQUISA DE ANTICORPOS ANTI-SM,1,1,130260,2020-06,M
0202030350 PESQUISA DE ANTICORPOS ANTI-SS-A (RO),7,7,130260,2020-06,M
0202030369 PESQUISA DE ANTICORPOS ANTI-SS-B (LA),7,7,130260,2020-06,M
0202030458 PESQUISA DE ANTICORPOS ANTIESCLERODERMA (SCL 70),2,2,130260,2020-06,M
0202030466 PESQUISA DE ANTICORPOS ANTIESPERMATOZOIDES,11,11,130260,2020-06,M
0202030474 PESQUISA DE ANTICORPOS ANTIESTREPTOLISINA O (ASLO),105,105,130260,2020-06,M
0202030520 PESQUISA DE ANTICORPOS ANTIINSULINA,1,1,130260,2020-06,M
0202030555 PESQUISA DE ANTICORPOS ANTIMICROSSOMAS,20,20,130260,2020-06,M
0202030580 PESQUISA DE ANTICORPOS ANTIMUSCULO LISO,3,3,130260,2020-06,M
0202030598 PESQUISA DE ANTICORPOS ANTINUCLEO,73,73,130260,2020-06,M
0202030610 PESQUISA DE ANTICORPOS ANTIPLASMODIOS,12,12,130260,2020-06,M
0202030628 PESQUISA DE ANTICORPOS ANTITIREOGLOBULINA,14,14,130260,2020-06,M
0202030636 PESQUISA DE ANTICORPOS CONTRA ANTIGENO DE SUPERFICIE DO VIRUS DA HEPATITE B (ANTI-HBS),320,320,130260,2020-06,M
0202030644 PESQUISA DE ANTICORPOS CONTRA ANTIGENO E DO VIRUS DA HEPATITE B (ANTI-HBE),16,16,130260,2020-06,M
0202030679 PESQUISA DE ANTICORPOS CONTRA O VIRUS DA HEPATITE C (ANTI-HCV),857,857,130260,2020-06,M
0202030687 PESQUISA DE ANTICORPOS CONTRA O VIRUS DA HEPATITE D (ANTI-HDV),3,3,130260,2020-06,M
0202030741 PESQUISA DE ANTICORPOS IGG ANTICITOMEGALOVIRUS,15,15,130260,2020-06,M
0202030768 PESQUISA DE ANTICORPOS IGG ANTITOXOPLASMA,10,10,130260,2020-06,M
0202030784 PESQUISA DE ANTICORPOS IGG E IGM CONTRA ANTIGENO CENTRAL DO VIRUS DA HEPATITE B (ANTI-HBC-TOTAL),261,261,130260,2020-06,M
0202030792 PESQUISA DE ANTICORPOS IGG CONTRA ARBOVIRUS,2,2,130260,2020-06,M
0202030806 PESQUISA DE ANTICORPOS IGG CONTRA O VIRUS DA HEPATITE A (HAV-IGG),5,5,130260,2020-06,M
0202030814 PESQUISA DE ANTICORPOS IGG CONTRA O VIRUS DA RUBEOLA,5,5,130260,2020-06,M
0202030822 PESQUISA DE ANTICORPOS IGG CONTRA O VIRUS DA VARICELA-HERPES ZOSTER,1,1,130260,2020-06,M
0202030830 PESQUISA DE ANTICORPOS IGG CONTRA O VIRUS EPSTEIN-BARR,4,4,130260,2020-06,M
0202030849 PESQUISA DE ANTICORPOS IGG CONTRA O VIRUS HERPES SIMPLES,8,8,130260,2020-06,M
0202030857 PESQUISA DE ANTICORPOS IGM ANTICITOMEGALOVIRUS,15,15,130260,2020-06,M
0202030865 PESQUISA DE ANTICORPOS IGM ANTILEISHMANIAS,2,2,130260,2020-06,M
0202030873 PESQUISA DE ANTICORPOS IGM ANTITOXOPLASMA,11,11,130260,2020-06,M
0202030881 PESQUISA DE ANTICORPOS IGM ANTITRYPANOSOMA CRUZI,1,1,130260,2020-06,M
0202030890 PESQUISA DE ANTICORPOS IGM CONTRA ANTIGENO CENTRAL DO VIRUS DA HEPATITE B (ANTI-HBC-IGM),59,59,130260,2020-06,M
0202030903 PESQUISA DE ANTICORPOS IGM CONTRA ARBOVIRUS,76,76,130260,2020-06,M
0202030911 PESQUISA DE ANTICORPOS IGM CONTRA O VIRUS DA HEPATITE A (HAV-IGG),9,9,130260,2020-06,M
0202030920 PESQUISA DE ANTICORPOS IGM CONTRA O VIRUS DA RUBEOLA,5,5,130260,2020-06,M
0202030938 PESQUISA DE ANTICORPOS IGM CONTRA O VIRUS DA VARICELA-HERPES ZOSTER,1,1,130260,2020-06,M
0202030946 PESQUISA DE ANTICORPOS IGM CONTRA O VIRUS EPSTEIN-BARR,3,3,130260,2020-06,M
0202030954 PESQUISA DE ANTICORPOS IGM CONTRA O VIRUS HERPES SIMPLES,6,6,130260,2020-06,M
0202030962 PESQUISA DE ANTIGENO CARCINOEMBRIONARIO (CEA),13,13,130260,2020-06,M
0202030970 PESQUISA DE ANTIGENO DE SUPERFICIE DO VIRUS DA HEPATITE B (HBSAG),458,458,130260,2020-06,M
0202030989 PESQUISA DE ANTIGENO E DO VIRUS DA HEPATITE B (HBEAG),13,13,130260,2020-06,M
0202031012 PESQUISA DE FATOR REUMATOIDE (WAALER-ROSE),22,22,130260,2020-06,M
0202031020 PESQUISA DE HIV-1 POR IMUNOFLUORESCENCIA,3,3,130260,2020-06,M
0202031039 PESQUISA DE IMUNOGLOBULINA E (IGE) ALERGENO-ESPECIFICA,22,22,130260,2020-06,M
0202031071 QUANTIFICACAO DE RNA DO HIV-1,836,836,130260,2020-06,M
0202031080 QUANTIFICACAO DE RNA DO VIRUS DA HEPATITE C,38,38,130260,2020-06,M
0202031098 TESTE TREPONEMICO P/ DETECCAO DE SIFILIS,5,5,130260,2020-06,M
0202031110 TESTE NAO TREPONEMICO P/ DETECCAO DE SIFILIS,481,481,130260,2020-06,M
0202031128 TESTE FTA-ABS IGG P/ DIAGNOSTICO DA SIFILIS,14,14,130260,2020-06,M
0202031136 TESTE FTA-ABS IGM P/ DIAGNOSTICO DA SIFILIS,14,14,130260,2020-06,M
0202031209 DOSAGEM DE TROPONINA,269,269,130260,2020-06,M
0202040038 EXAME COPROLOGICO FUNCIONAL,35,35,130260,2020-06,M
0202040046 IDENTIFICACAO DE FRAGMENTOS DE HELMINTOS,1,1,130260,2020-06,M
0202040089 PESQUISA DE LARVAS NAS FEZES,29,29,130260,2020-06,M
0202040127 PESQUISA DE OVOS E CISTOS DE PARASITAS,1206,1206,130260,2020-06,M
0202040135 PESQUISA DE ROTAVIRUS NAS FEZES,28,28,130260,2020-06,M
0202040143 PESQUISA DE SANGUE OCULTO NAS FEZES,32,32,130260,2020-06,M
0202040151 PESQUISA DE SUBSTANCIAS REDUTORAS NAS FEZES,3,3,130260,2020-06,M
0202040178 PESQUISA DE TROFOZOITAS NAS FEZES,5,5,130260,2020-06,M
"0202050017 ANALISE DE CARACTERES FISICOS, ELEMENTOS E SEDIMENTO DA URINA",2219,2219,130260,2020-06,M
0202050025 CLEARANCE DE CREATININA,55,55,130260,2020-06,M
0202050041 CLEARANCE DE UREIA,47,47,130260,2020-06,M
0202050084 DOSAGEM DE CITRATO,1,1,130260,2020-06,M
0202050092 DOSAGEM DE MICROALBUMINA NA URINA,77,77,130260,2020-06,M
0202050106 DOSAGEM DE OXALATO,1,1,130260,2020-06,M
0202050114 DOSAGEM DE PROTEINAS (URINA DE 24 HORAS),36,36,130260,2020-06,M
0202050130 EXAME QUALITATIVO DE CALCULOS URINARIOS,55,55,130260,2020-06,M
0202050190 PESQUISA DE CISTINA NA URINA,1,1,130260,2020-06,M
0202050262 PESQUISA DE HOMOCISTINA NA URINA,3,3,130260,2020-06,M
0202060012 DETERMINACAO DE INDICE DE TIROXINA LIVRE,1,1,130260,2020-06,M
0202060020 DETERMINACAO DE RETENCAO DE T3,3,3,130260,2020-06,M
0202060039 DETERMINACAO DE T3 REVERSO,1,1,130260,2020-06,M
0202060047 DOSAGEM DE 17-ALFA-HIDROXIPROGESTERONA,1,1,130260,2020-06,M
0202060071 DOSAGEM DE ACIDO 5-HIDROXI-INDOL-ACETICO (SEROTONINA),1,1,130260,2020-06,M
0202060080 DOSAGEM DE ADRENOCORTICOTROFICO (ACTH),11,11,130260,2020-06,M
0202060098 DOSAGEM DE ALDOSTERONA,1,1,130260,2020-06,M
0202060110 DOSAGEM DE ANDROSTENEDIONA,1,1,130260,2020-06,M
0202060136 DOSAGEM DE CORTISOL,20,20,130260,2020-06,M
0202060144 DOSAGEM DE DEHIDROEPIANDROSTERONA (DHEA),2,2,130260,2020-06,M
0202060152 DOSAGEM DE DIHIDROTESTOTERONA (DHT),7,7,130260,2020-06,M
0202060160 DOSAGEM DE ESTRADIOL,15,15,130260,2020-06,M
0202060179 DOSAGEM DE ESTRIOL,1,1,130260,2020-06,M
0202060187 DOSAGEM DE ESTRONA,2,2,130260,2020-06,M
0202060195 DOSAGEM DE GASTRINA,2,2,130260,2020-06,M
"0202060217 DOSAGEM DE GONADOTROFINA CORIONICA HUMANA (HCG, BETA HCG)",3,3,130260,2020-06,M
0202060225 DOSAGEM DE HORMONIO DE CRESCIMENTO (HGH),6,6,130260,2020-06,M
0202060233 DOSAGEM DE HORMONIO FOLICULO-ESTIMULANTE (FSH),37,37,130260,2020-06,M
0202060241 DOSAGEM DE HORMONIO LUTEINIZANTE (LH),32,32,130260,2020-06,M
0202060250 DOSAGEM DE HORMONIO TIREOESTIMULANTE (TSH),617,617,130260,2020-06,M
0202060268 DOSAGEM DE INSULINA,72,72,130260,2020-06,M
0202060276 DOSAGEM DE PARATORMONIO,316,316,130260,2020-06,M
0202060284 DOSAGEM DE PEPTIDEO C,7,7,130260,2020-06,M
0202060292 DOSAGEM DE PROGESTERONA,10,10,130260,2020-06,M
0202060306 DOSAGEM DE PROLACTINA,34,34,130260,2020-06,M
0202060322 DOSAGEM DE SOMATOMEDINA C (IGF1),14,14,130260,2020-06,M
0202060349 DOSAGEM DE TESTOSTERONA,101,101,130260,2020-06,M
0202060357 DOSAGEM DE TESTOSTERONA LIVRE,61,61,130260,2020-06,M
0202060365 DOSAGEM DE TIREOGLOBULINA,3,3,130260,2020-06,M
0202060373 DOSAGEM DE TIROXINA (T4),140,140,130260,2020-06,M
0202060381 DOSAGEM DE TIROXINA LIVRE (T4 LIVRE),509,509,130260,2020-06,M
0202060390 DOSAGEM DE TRIIODOTIRONINA (T3),164,164,130260,2020-06,M
0202060438 TESTE DE ESTIMULO DO HGH APOS GLUCAGON,2,2,130260,2020-06,M
0202060446 TESTE DE SUPRESSAO DO CORTISOL APOS DEXAMETASONA,1,1,130260,2020-06,M
0202060470 PESQUISA DE MACROPROLACTINA,1,1,130260,2020-06,M
0202070050 DOSAGEM DE ACIDO VALPROICO,3,3,130260,2020-06,M
0202070085 DOSAGEM DE ALUMINIO,38,38,130260,2020-06,M
0202070158 DOSAGEM DE CARBAMAZEPINA,5,5,130260,2020-06,M
0202070182 DOSAGEM DE CICLOSPORINA,2,2,130260,2020-06,M
0202070190 DOSAGEM DE COBRE,3,3,130260,2020-06,M
0202070220 DOSAGEM DE FENITOINA,1,1,130260,2020-06,M
0202070255 DOSAGEM DE LITIO,4,4,130260,2020-06,M
0202070352 DOSAGEM DE ZINCO,34,34,130260,2020-06,M
0202080013 ANTIBIOGRAMA,104,104,130260,2020-06,M
0202080021 ANTIBIOGRAMA C/ CONCENTRACAO INIBITORIA MINIMA,2,2,130260,2020-06,M
0202080048 BACILOSCOPIA DIRETA P/ BAAR TUBERCULOSE (DIAGNOSTICA),21,21,130260,2020-06,M
0202080072 BACTERIOSCOPIA (GRAM),5,5,130260,2020-06,M
0202080080 CULTURA DE BACTERIAS P/ IDENTIFICACAO,133,133,130260,2020-06,M
0202080110 CULTURA PARA BAAR,14,14,130260,2020-06,M
0202080137 CULTURA PARA IDENTIFICACAO DE FUNGOS,5,5,130260,2020-06,M
0202080145 EXAME MICROBIOLOGICO A FRESCO (DIRETO),2,2,130260,2020-06,M
0202080153 HEMOCULTURA,11,11,130260,2020-06,M
0202080218 PESQUISA DE HELICOBACTER PYLORI,6,6,130260,2020-06,M
0202080234 PESQUISA DE TREPONEMA PALLIDUM,1,1,130260,2020-06,M
0202090078 DETERMINACAO DE FOSFOLIPIDIOS RELACAO LECITINA - ESFINGOMIELINA NO LIQUIDO AMNIOTICO,1,1,130260,2020-06,M
0202090264 PESQUISA DE ESPERMATOZOIDES (APOS VASECTOMIA),2,2,130260,2020-06,M
0202090280 PROVA DE PROGRESSAO ESPERMATICA (CADA),1,1,130260,2020-06,M
"0202090299 PROVA DO LATEX P/ HAEMOPHILLUS INFLUENZAE, STREPTOCOCCUS PNEUMONIAE, NEISSERIA MENINGITIDIS (SOROTIP",2,2,130260,2020-06,M
0202090302 PROVA DO LATEX P/ PESQUISA DO FATOR REUMATOIDE,23,23,130260,2020-06,M
0202090329 REACAO DE RIVALTA NO LIQUIDO SINOVIAL E DERRAMES,1,1,130260,2020-06,M
0202090345 TESTE DE GASTROACIDOGRAMA - SECRECAO BASAL POR 60 EM 4 AMOSTRAS,1,1,130260,2020-06,M
0202090353 TESTE DE HOLLANDER NO SUCO GASTRICO,1,1,130260,2020-06,M
0202100014 DETERMINACAO DE CARIOTIPO EM CULTURA DE LONGA DURACAO (C/ TECNICA DE BANDAS),1,1,130260,2020-06,M
0202100022 DETERMINACAO DE CARIOTIPO EM MEDULA OSSEA E VILOSIDADES CORIONICAS (C/ TECNICA DE BANDAS),3,3,130260,2020-06,M
0202100030 DETERMINACAO DE CARIOTIPO EM SANGUE PERIFERICO (C/ TECNICA DE BANDAS),7,7,130260,2020-06,M
0202120023 DETERMINACAO DIRETA E REVERSA DE GRUPO ABO,141,141,130260,2020-06,M
0202120031 FENOTIPAGEM DE SISTEMA RH - HR,21,21,130260,2020-06,M
0202120040 IDENTIFICACAO DE ANTICORPOS SERICOS IRREGULARES C/ PAINEL DE HEMACIAS,1,1,130260,2020-06,M
0202120082 PESQUISA DE FATOR RH (INCLUI D FRACO),137,137,130260,2020-06,M
0203010035 EXAME DE CITOLOGIA (EXCETO CERVICO-VAGINAL E DE MAMA),7,7,130260,2020-06,M
0203020030 EXAME ANATOMO-PATOLOGICO PARA CONGELAMENTO / PARAFINA POR PECA CIRURGICA OU POR BIOPSIA (EXCETO COL,875,875,130260,2020-06,M
0204010063 RADIOGRAFIA DE CAVUM (LATERAL + HIRTZ),3,3,130260,2020-06,M
0204010071 RADIOGRAFIA DE CRANIO (PA + LATERAL + OBLIQUA / BRETTON + HIRTZ),13,13,130260,2020-06,M
0204010080 RADIOGRAFIA DE CRANIO (PA + LATERAL),40,40,130260,2020-06,M
0204010098 RADIOGRAFIA DE LARINGE,1,1,130260,2020-06,M
0204010128 RADIOGRAFIA DE OSSOS DA FACE (MN + LATERAL + HIRTZ),2,2,130260,2020-06,M
0204010144 RADIOGRAFIA DE SEIOS DA FACE (FN + MN + LATERAL + HIRTZ),69,69,130260,2020-06,M
0204010179 RADIOGRAFIA PANORAMICA,2,2,130260,2020-06,M
0204020034 RADIOGRAFIA DE COLUNA CERVICAL (AP + LATERAL + TO + OBLIQUAS),9,9,130260,2020-06,M
0204020042 RADIOGRAFIA DE COLUNA CERVICAL (AP + LATERAL + TO / FLEXAO),18,18,130260,2020-06,M
0204020050 RADIOGRAFIA DE COLUNA CERVICAL FUNCIONAL / DINAMICA,1,1,130260,2020-06,M
0204020069 RADIOGRAFIA DE COLUNA LOMBO-SACRA,33,33,130260,2020-06,M
0204020077 RADIOGRAFIA DE COLUNA LOMBO-SACRA (C/ OBLIQUAS),6,6,130260,2020-06,M
0204020085 RADIOGRAFIA DE COLUNA LOMBO-SACRA FUNCIONAL / DINAMICA,3,3,130260,2020-06,M
0204020093 RADIOGRAFIA DE COLUNA TORACICA (AP + LATERAL),59,59,130260,2020-06,M
0204020107 RADIOGRAFIA DE COLUNA TORACO-LOMBAR,24,24,130260,2020-06,M
0204020115 RADIOGRAFIA DE COLUNA TORACO-LOMBAR DINAMICA,5,5,130260,2020-06,M
0204030030 MAMOGRAFIA,2,2,130260,2020-06,M
0204030072 RADIOGRAFIA DE COSTELAS (POR HEMITORAX),3,3,130260,2020-06,M
0204030080 RADIOGRAFIA DE ESOFAGO,4,4,130260,2020-06,M
0204030145 RADIOGRAFIA DE TORAX (PA + LATERAL + OBLIQUA),1249,1249,130260,2020-06,M
0204030153 RADIOGRAFIA DE TORAX (PA E PERFIL),673,673,130260,2020-06,M
0204030161 RADIOGRAFIA DE TORAX (PA PADRAO OIT),6,6,130260,2020-06,M
0204030170 RADIOGRAFIA DE TORAX (PA),444,444,130260,2020-06,M
0204040019 RADIOGRAFIA DE ANTEBRACO,37,37,130260,2020-06,M
0204040035 RADIOGRAFIA DE ARTICULACAO ESCAPULO-UMERAL,6,6,130260,2020-06,M
0204040051 RADIOGRAFIA DE BRACO,17,17,130260,2020-06,M
0204040060 RADIOGRAFIA DE CLAVICULA,2,2,130260,2020-06,M
0204040078 RADIOGRAFIA DE COTOVELO,23,23,130260,2020-06,M
0204040086 RADIOGRAFIA DE DEDOS DA MAO,1,1,130260,2020-06,M
0204040094 RADIOGRAFIA DE MAO,48,48,130260,2020-06,M
0204040116 RADIOGRAFIA DE ESCAPULA/OMBRO (TRES POSICOES),25,25,130260,2020-06,M
0204040124 RADIOGRAFIA DE PUNHO (AP + LATERAL + OBLIQUA),29,29,130260,2020-06,M
0204050111 RADIOGRAFIA DE ABDOMEN (AP + LATERAL / LOCALIZADA),17,17,130260,2020-06,M
0204050120 RADIOGRAFIA DE ABDOMEN AGUDO (MINIMO DE 3 INCIDENCIAS),8,8,130260,2020-06,M
0204050138 RADIOGRAFIA DE ABDOMEN SIMPLES (AP),73,73,130260,2020-06,M
0204050146 RADIOGRAFIA DE ESTOMAGO E DUODENO,3,3,130260,2020-06,M
0204050170 URETROCISTOGRAFIA,1,1,130260,2020-06,M
0204060028 DENSITOMETRIA OSSEA DUO-ENERGETICA DE COLUNA (VERTEBRAS LOMBARES E/OU FEMUR),12,12,130260,2020-06,M
0204060060 RADIOGRAFIA DE ARTICULACAO COXO-FEMORAL,3,3,130260,2020-06,M
0204060087 RADIOGRAFIA DE ARTICULACAO TIBIO-TARSICA,31,31,130260,2020-06,M
0204060095 RADIOGRAFIA DE BACIA,22,22,130260,2020-06,M
0204060109 RADIOGRAFIA DE CALCANEO,14,14,130260,2020-06,M
0204060117 RADIOGRAFIA DE COXA,9,9,130260,2020-06,M
0204060125 RADIOGRAFIA DE JOELHO (AP + LATERAL),34,34,130260,2020-06,M
0204060133 RADIOGRAFIA DE JOELHO OU PATELA (AP + LATERAL + AXIAL),1,1,130260,2020-06,M
0204060150 RADIOGRAFIA DE PE / DEDOS DO PE,62,62,130260,2020-06,M
0204060168 RADIOGRAFIA DE PERNA,47,47,130260,2020-06,M
0205010032 ECOCARDIOGRAFIA TRANSTORACICA,138,138,130260,2020-06,M
0205010040 ULTRASSONOGRAFIA DOPPLER COLORIDO DE VASOS,21,21,130260,2020-06,M
0205020020 PAQUIMETRIA ULTRASSONICA,27,27,130260,2020-06,M
0205020038 ULTRASSONOGRAFIA DE ABDOMEN SUPERIOR,55,55,130260,2020-06,M
0205020046 ULTRASSONOGRAFIA DE ABDOMEN TOTAL,710,710,130260,2020-06,M
0205020054 ULTRASSONOGRAFIA DE APARELHO URINARIO,236,236,130260,2020-06,M
0205020062 ULTRASSONOGRAFIA DE ARTICULACAO,200,200,130260,2020-06,M
0205020070 ULTRASSONOGRAFIA DE BOLSA ESCROTAL,79,79,130260,2020-06,M
0205020089 ULTRASSONOGRAFIA DE GLOBO OCULAR / ORBITA (MONOCULAR),31,31,130260,2020-06,M
0205020097 ULTRASSONOGRAFIA MAMARIA BILATERAL,11,11,130260,2020-06,M
0205020100 ULTRASSONOGRAFIA DE PROSTATA POR VIA ABDOMINAL,248,248,130260,2020-06,M
0205020119 ULTRASSONOGRAFIA DE PROSTATA (VIA TRANSRETAL),77,77,130260,2020-06,M
0205020127 ULTRASSONOGRAFIA DE TIREOIDE,40,40,130260,2020-06,M
0205020178 ULTRASSONOGRAFIA TRANSFONTANELA,26,26,130260,2020-06,M
0206010010 TOMOGRAFIA COMPUTADORIZADA DE COLUNA CERVICAL C/ OU S/ CONTRASTE,54,54,130260,2020-06,M
0206010028 TOMOGRAFIA COMPUTADORIZADA DE COLUNA LOMBO-SACRA C/ OU S/ CONTRASTE,43,43,130260,2020-06,M
0206010036 TOMOGRAFIA COMPUTADORIZADA DE COLUNA TORACICA C/ OU S/ CONTRASTE,76,76,130260,2020-06,M
0206010044 TOMOGRAFIA COMPUTADORIZADA DE FACE / SEIOS DA FACE / ARTICULACOES TEMPORO-MANDIBULARES,98,98,130260,2020-06,M
0206010052 TOMOGRAFIA COMPUTADORIZADA DO PESCOCO,65,65,130260,2020-06,M
0206010060 TOMOGRAFIA COMPUTADORIZADA DE SELA TURCICA,1,1,130260,2020-06,M
0206010079 TOMOGRAFIA COMPUTADORIZADA DO CRANIO,1331,1331,130260,2020-06,M
0206020015 TOMOGRAFIA COMPUTADORIZADA DE ARTICULACOES DE MEMBRO SUPERIOR,7,7,130260,2020-06,M
"0206020023 TOMOGRAFIA COMPUTADORIZADA DE SEGMENTOS APENDICULARES - (BRACO, ANTEBRACO, MAO, COXA, PERNA, PE)",11,11,130260,2020-06,M
0206020031 TOMOGRAFIA COMPUTADORIZADA DE TORAX,1769,1769,130260,2020-06,M
0206030010 TOMOGRAFIA COMPUTADORIZADA DE ABDOMEN SUPERIOR,958,958,130260,2020-06,M
0206030029 TOMOGRAFIA COMPUTADORIZADA DE ARTICULACOES DE MEMBRO INFERIOR,31,31,130260,2020-06,M
0206030037 TOMOGRAFIA COMPUTADORIZADA DE PELVE / BACIA / ABDOMEN INFERIOR,686,686,130260,2020-06,M
0207010013 ANGIORESSONANCIA CEREBRAL,5,5,130260,2020-06,M
0207010021 RESSONANCIA MAGNETICA DE ARTICULACAO TEMPORO-MANDIBULAR (BILATERAL),1,1,130260,2020-06,M
0207010030 RESSONANCIA MAGNETICA DE COLUNA CERVICAL/PESCOCO,36,36,130260,2020-06,M
0207010048 RESSONANCIA MAGNETICA DE COLUNA LOMBO-SACRA,140,140,130260,2020-06,M
0207010056 RESSONANCIA MAGNETICA DE COLUNA TORACICA,15,15,130260,2020-06,M
0207010064 RESSONANCIA MAGNETICA DE CRANIO,100,100,130260,2020-06,M
0207010072 RESSONANCIA MAGNETICA DE SELA TURCICA,1,1,130260,2020-06,M
0207020027 RESSONANCIA MAGNETICA DE MEMBRO SUPERIOR (UNILATERAL),23,23,130260,2020-06,M
0207020035 RESSONANCIA MAGNETICA DE TORAX,6,6,130260,2020-06,M
0207030014 RESSONANCIA MAGNETICA DE ABDOMEN SUPERIOR,15,15,130260,2020-06,M
0207030022 RESSONANCIA MAGNETICA DE BACIA / PELVE / ABDOMEN INFERIOR,47,47,130260,2020-06,M
0207030030 RESSONANCIA MAGNETICA DE MEMBRO INFERIOR (UNILATERAL),66,66,130260,2020-06,M
0207030049 RESSONANCIA MAGNETICA DE VIAS BILIARES/COLANGIORRESSONANCIA,7,7,130260,2020-06,M
0208010025 CINTILOGRAFIA DE MIOCARDIO P/ AVALIACAO DA PERFUSAO EM SITUACAO DE ESTRESSE (MINIMO 3 PROJECOES),19,19,130260,2020-06,M
0208010033 CINTILOGRAFIA DE MIOCARDIO P/ AVALIACAO DA PERFUSAO EM SITUACAO DE REPOUSO (MINIMO 3 PROJECOES),19,19,130260,2020-06,M
0208030042 CINTILOGRAFIA P/ PESQUISA DO CORPO INTEIRO,1,1,130260,2020-06,M
0208040056 CINTILOGRAFIA RENAL/RENOGRAMA (QUALITATIVA E/OU QUANTITATIVA),2,2,130260,2020-06,M
0208040099 DETERMINACAO DE FLUXO PLASMATICO RENAL,1,1,130260,2020-06,M
0208040102 ESTUDO RENAL DINAMICO C/ OU S/ DIURETICO,1,1,130260,2020-06,M
0208050035 CINTILOGRAFIA DE OSSOS COM OU SEM FLUXO SANGUINEO (CORPO INTEIRO),10,10,130260,2020-06,M
0209010029 COLONOSCOPIA (COLOSCOPIA),8,8,130260,2020-06,M
0209010037 ESOFAGOGASTRODUODENOSCOPIA,38,38,130260,2020-06,M
0209020016 CISTOSCOPIA E/OU URETEROSCOPIA E/OU URETROSCOPIA,7,7,130260,2020-06,M
0209040017 BRONCOSCOPIA (BRONCOFIBROSCOPIA),3,3,130260,2020-06,M
0209040025 LARINGOSCOPIA,20,20,130260,2020-06,M
0209040041 VIDEOLARINGOSCOPIA,15,15,130260,2020-06,M
0210010070 ARTERIOGRAFIA DE MEMBRO,1,1,130260,2020-06,M
0210010177 FLEBOGRAFIA DE MEMBRO,2,2,130260,2020-06,M
0210010185 FLEBOGRAFIA DE CAVA INFERIOR E/OU SUPERIOR,3,3,130260,2020-06,M
0211020010 CATETERISMO CARDIACO,9,9,130260,2020-06,M
0211020036 ELETROCARDIOGRAMA,152,152,130260,2020-06,M
0211020044 MONITORAMENTO PELO SISTEMA HOLTER 24 HS (3 CANAIS),2,2,130260,2020-06,M
0211020052 MONITORIZACAO AMBULATORIAL DE PRESSAO ARTERIAL (MAPA),5,5,130260,2020-06,M
0211020060 TESTE DE ESFORCO / TESTE ERGOMETRICO,2,2,130260,2020-06,M
0211030040 AVALIACAO DE FUNCAO E MECANICA RESPIRATORIA,10,10,130260,2020-06,M
0211030074 AVALIACAO FUNCIONAL MUSCULAR,8,8,130260,2020-06,M
0211050024 ELETROENCEFALOGRAFIA EM VIGILIA C/ OU S/ FOTO-ESTIMULO,14,14,130260,2020-06,M
0211050032 ELETROENCEFALOGRAMA EM SONO INDUZIDO C/ OU S/ MEDICAMENTO (EEG),5,5,130260,2020-06,M
0211050040 ELETROENCEFALOGRAMA EM VIGILIA E SONO ESPONTANEO C/ OU S/ FOTOESTIMULO (EEG),14,14,130260,2020-06,M
0211050059 ELETROENCEFALOGRAMA QUANTITATIVO C/ MAPEAMENTO (EEG),1,1,130260,2020-06,M
0211060011 BIOMETRIA ULTRASSONICA (MONOCULAR),18,18,130260,2020-06,M
0211060020 BIOMICROSCOPIA DE FUNDO DE OLHO,164,164,130260,2020-06,M
0211060038 CAMPIMETRIA COMPUTADORIZADA OU MANUAL COM GRAFICO,49,49,130260,2020-06,M
0211060054 CERATOMETRIA,11,11,130260,2020-06,M
0211060062 CURVA DIARIA DE PRESSAO OCULAR CDPO (MINIMO 3 MEDIDAS),39,39,130260,2020-06,M
0211060100 FUNDOSCOPIA,40,40,130260,2020-06,M
0211060119 GONIOSCOPIA,44,44,130260,2020-06,M
0211060127 MAPEAMENTO DE RETINA,170,170,130260,2020-06,M
0211060143 MICROSCOPIA ESPECULAR DE CORNEA,26,26,130260,2020-06,M
0211060151 POTENCIAL DE ACUIDADE VISUAL,9,9,130260,2020-06,M
0211060178 RETINOGRAFIA COLORIDA BINOCULAR,41,41,130260,2020-06,M
0211060186 RETINOGRAFIA FLUORESCENTE BINOCULAR,11,11,130260,2020-06,M
0211060224 TESTE DE VISAO DE CORES,7,7,130260,2020-06,M
0211060240 TESTE P/ ADAPTACAO DE LENTE DE CONTATO,1,1,130260,2020-06,M
0211060259 TONOMETRIA,106,106,130260,2020-06,M
0211060267 TOPOGRAFIA COMPUTADORIZADA DE CORNEA,27,27,130260,2020-06,M
0211060283 TOMOGRAFIA DE COERENCIA OPTICA,3,3,130260,2020-06,M
0211070025 AUDIOMETRIA DE REFORCO VISUAL (VIA AEREA / OSSEA),2,2,130260,2020-06,M
0211070033 AUDIOMETRIA EM CAMPO LIVRE,6,6,130260,2020-06,M
0211070041 AUDIOMETRIA TONAL LIMIAR (VIA AEREA / OSSEA),163,163,130260,2020-06,M
0211070050 AVALIACAO AUDITIVA COMPORTAMENTAL,1,1,130260,2020-06,M
0211070076 AVALIACAO DE LINGUAGEM ORAL,1,1,130260,2020-06,M
0211070092 AVALIACAO P/ DIAGNOSTICO DE DEFICIENCIA AUDITIVA,81,81,130260,2020-06,M
0211070106 AVALIACAO P/ DIAGNOSTICO DIFERENCIAL DE DEFICIENCIA AUDITIVA,6,6,130260,2020-06,M
0211070114 AVALIACAO VOCAL,1,1,130260,2020-06,M
0211070149 EMISSOES OTOACUSTICAS EVOCADAS PARA TRIAGEM AUDITIVA (TESTE DA ORELHINHA),24,24,130260,2020-06,M
0211070157 ESTUDO DE EMISSOES OTOACUSTICAS EVOCADAS TRANSITORIAS E PRODUTOS DE DISTORCAO (EOA),47,47,130260,2020-06,M
0211070203 IMITANCIOMETRIA,171,171,130260,2020-06,M
0211070211 LOGOAUDIOMETRIA (LDV-IRF-LRF),160,160,130260,2020-06,M
0211070262 POTENCIAL EVOCADO AUDITIVO DE CURTA MEDIA E LONGA LATENCIA,4,4,130260,2020-06,M
0211070270 POTENCIAL EVOCADO AUDITIVO PARA TRIAGEM AUDITIVA (TESTE DA ORELHINHA),81,81,130260,2020-06,M
0211070297 REAVALIACAO DIAGNOSTICA DE DEFICIENCIA AUDITIVA EM PACIENTE MAIOR DE 3 ANOS,41,41,130260,2020-06,M
0211070319 SELECAO E VERIFICACAO DE BENEFICIO DO AASI,119,119,130260,2020-06,M
0211070351 TESTES VESTIBULARES / OTONEUROLOGICOS,3,3,130260,2020-06,M
0211090018 AVALIACAO URODINAMICA COMPLETA,29,29,130260,2020-06,M
0211090042 CISTOMETRIA SIMPLES,2,2,130260,2020-06,M
0211090069 PERFIL DE PRESSAO URETRAL,1,1,130260,2020-06,M
0211090077 UROFLUXOMETRIA,2,2,130260,2020-06,M
0212010026 EXAMES PRE-TRANSFUSIONAIS I,884,884,130260,2020-06,M
0212010034 EXAMES PRE-TRANSFUSIONAIS II,860,860,130260,2020-06,M
0213010054 EXAME PARASITOLOGICO DIRETO P/ LEISHMANIAS (LEISHMANIOSE TEGUMENTAR AMERICANA),12,12,130260,2020-06,M
0213010135 HISTOPATOLOGIA P/ IDENTIFICACAO DE HEPATITE B,13,13,130260,2020-06,M
0213010143 HISTOPATOLOGIA P/ IDENTIFICACAO DE HEPATITE C,28,28,130260,2020-06,M
0213010577 TESTE DE ELISA IGG P/ IDENTIFICACAO DO TOXOPLASMA GONDII (TOXOPLASMOSE),1,1,130260,2020-06,M
0213010720 PESQUISA DE SARS-COV-2 POR RT - PCR,784,784,130260,2020-06,M
0214010015 GLICEMIA CAPILAR,2,2,130260,2020-06,M
0214010040 TESTE RAPIDO PARA DETECCAO DE HIV NA GESTANTE OU PAI/PARCEIRO,2,2,130260,2020-06,M
0214010058 TESTE RAPIDO PARA DETECCAO DE INFECCAO PELO HIV,185,185,130260,2020-06,M
0214010074 TESTE RAPIDO PARA SIFILIS,115,115,130260,2020-06,M
0214010082 TESTE RAPIDO PARA SIFILIS NA GESTANTE OU PAI/PARCEIRO,4,4,130260,2020-06,M
0214010090 TESTE RAPIDO PARA DETECCAO DE HEPATITE C,157,157,130260,2020-06,M
0214010104 TESTE RAPIDO PARA DETECCAO DE INFECCAO PELO HBV,61,61,130260,2020-06,M
0214010120 TESTE RAPIDO PARA DENGUE IGG/IGM,7,7,130260,2020-06,M
0214010163 TESTE RAPIDO PARA DETECCAO DE SARS-COVID-2,2537,2537,130260,2020-06,M
0301010013 CONSULTA AO PACIENTE CURADO DE TUBERCULOSE (TRATAMENTO SUPERVISIONADO),1,1,130260,2020-06,M
0301010030 CONSULTA DE PROFISSIONAIS DE NIVEL SUPERIOR NA ATENCAO PRIMARIA (EXCETO MEDICO),2,2,130260,2020-06,M
0301010048 CONSULTA DE PROFISSIONAIS DE NIVEL SUPERIOR NA ATENCAO ESPECIALIZADA (EXCETO MEDICO),2156,2156,130260,2020-06,M
0301010064 CONSULTA MEDICA EM ATENCAO PRIMARIA,2,2,130260,2020-06,M
0301010072 CONSULTA MEDICA EM ATENCAO ESPECIALIZADA,2960,2960,130260,2020-06,M
"0301010102 CONSULTA PARA DIAGNOSTICO/REAVALIACAO DE GLAUCOMA (TONOMETRIA, FUNDOSCOPIA E CAMPIMETRIA)",53,53,130260,2020-06,M
0301010234 CONSULTA PRE-NATAL DO PARCEIRO,5,5,130260,2020-06,M
0301020035 EMISSAO DE PARECER SOBRE NEXO CAUSAL,9,9,130260,2020-06,M
0301040044 TERAPIA INDIVIDUAL,112,112,130260,2020-06,M
0301040052 ATENDIMENTO MULTIPROFISSIONAL PARA ATENCAO AS PESSOAS EM SITUACAO DE VIOLENCIA SEXUAL,1,1,130260,2020-06,M
0301040079 ESCUTA INICIAL / ORIENTACAO (ACOLHIMENTO A DEMANDA ESPONT NEA),8,8,130260,2020-06,M
0301060029 ATENDIMENTO DE URGENCIA C/ OBSERVACAO ATE 24 HORAS EM ATENCAO ESPECIALIZADA,1361,1361,130260,2020-06,M
0301060061 ATENDIMENTO DE URGENCIA EM ATENCAO ESPECIALIZADA,2501,2501,130260,2020-06,M
0301060096 ATENDIMENTO MEDICO EM UNIDADE DE PRONTO ATENDIMENTO,7245,7245,130260,2020-06,M
0301060100 ATENDIMENTO ORTOPEDICO COM IMOBILIZACAO PROVISORIA,17,17,130260,2020-06,M
0301060118 ACOLHIMENTO COM CLASSIFICACAO DE RISCO,2028,2028,130260,2020-06,M
0301070024 ACOMPANHAMENTO DE PACIENTE EM REABILITACAO EM COMUNICACAO ALTERNATIVA,1,1,130260,2020-06,M
0301070032 ACOMPANHAMENTO DE PACIENTE P/ ADAPTACAO DE APARELHO DE AMPLIFICACAO SONORA INDIVIDUAL (AASI) UNI / B,125,125,130260,2020-06,M
0301070040 ACOMPANHAMENTO NEUROPSICOLOGICO DE PACIENTE EM REABILITACAO,17,17,130260,2020-06,M
0301070059 ACOMPANHAMENTO PSICOPEDAGOGICO DE PACIENTE EM REABILITACAO,8,8,130260,2020-06,M
0301070067 ATENDIMENTO / ACOMPANHAMENTO EM REABILITACAO NAS MULTIPLAS DEFICIENCIAS,40,40,130260,2020-06,M
0301070075 ATENDIMENTO / ACOMPANHAMENTO DE PACIENTE EM REABILITACAO DO DESENVOLVIMENTO NEUROPSICOMOTOR,72,72,130260,2020-06,M
0301070105 ATENDIMENTO/ACOMPANHAMENTO INTENSIVO DE PACIENTE EM REABILITACAO FISICA (1 TURNO PACIENTE-DIA - 15,3,3,130260,2020-06,M
0301070113 TERAPIA FONOAUDIOLOGICA INDIVIDUAL,645,645,130260,2020-06,M
0301070121 TRATAMENTO INTENSIVO DE PACIENTE EM REABILITACAO FISICA (1 TURNO PACIENTE- DIA - 20 ATENDIMENTOS-M,65,65,130260,2020-06,M
0301080020 ACOLHIMENTO NOTURNO DE PACIENTE EM CENTRO DE ATENCAO PSICOSSOCIAL,10,10,130260,2020-06,M
0301080143 ATENDIMENTO EM OFICINA TERAPEUTICA I - SAUDE MENTAL,1,1,130260,2020-06,M
0301080178 ATENDIMENTO INDIVIDUAL EM PSICOTERAPIA,47,47,130260,2020-06,M
0301080194 ACOLHIMENTO DIURNO DE PACIENTE EM CENTRO DE ATENCAO PSICOSSOCIAL,71,71,130260,2020-06,M
0301080208 ATENDIMENTO INDIVIDUAL DE PACIENTE EM CENTRO DE ATENCAO PSICOSSOCIAL,2287,2287,130260,2020-06,M
0301080216 ATENDIMENTO EM GRUPO DE PACIENTE EM CENTRO DE ATENCAO PSICOSSOCIAL,125,125,130260,2020-06,M
0301080224 ATENDIMENTO FAMILIAR EM CENTRO DE ATENCAO PSICOSSOCIAL,620,620,130260,2020-06,M
0301080232 ACOLHIMENTO INICIAL POR CENTRO DE ATENCAO PSICOSSOCIAL,187,187,130260,2020-06,M
0301080240 ATENDIMENTO DOMICILIAR PARA PACIENTES DE CENTRO DE ATENCAO PSICOSSOCIAL E/OU FAMILIARES,49,49,130260,2020-06,M
0301080275 PRATICAS CORPORAIS EM CENTRO DE ATENCAO PSICOSSOCIAL,19,19,130260,2020-06,M
0301080283 PRATICAS EXPRESSIVAS E COMUNICATIVAS EM CENTRO DE ATENCAO PSICOSSOCIAL,20,20,130260,2020-06,M
0301080291 ATENCAO AS SITUACOES DE CRISE,27,27,130260,2020-06,M
0301080321 ACOMPANHAMENTO DE SERVICO RESIDENCIAL TERAPEUTICO POR CENTRO DE ATENCAO PSICOSSOCIAL,13,13,130260,2020-06,M
0301080348 ACOES DE REABILITACAO PSICOSSOCIAL,120,120,130260,2020-06,M
0301080356 PROMOCAO DE CONTRATUALIDADE NO TERRITORIO,69,69,130260,2020-06,M
0301100012 ADMINISTRACAO DE MEDICAMENTOS NA ATENCAO ESPECIALIZADA,3505,3505,130260,2020-06,M
0301100020 ADMINISTRACAO DE MEDICAMENTOS EM ATENCAO BASICA (POR PACIENTE),1658,1658,130260,2020-06,M
0301100039 AFERICAO DE PRESSAO ARTERIAL,289,289,130260,2020-06,M
0301100055 CATETERISMO VESICAL DE DEMORA,8,8,130260,2020-06,M
0301100063 CUIDADOS COM ESTOMAS,181,181,130260,2020-06,M
0301100101 INALACAO / NEBULIZACAO,40,40,130260,2020-06,M
0301100152 RETIRADA DE PONTOS DE CIRURGIAS (POR PACIENTE),2,2,130260,2020-06,M
0301100179 SONDAGEM GASTRICA,32,32,130260,2020-06,M
0301130019 AVALIACAO CLINICA E ELETRONICA DE DISPOSITIVO ELETRICO CARDIACO IMPLANTAVEL,94,94,130260,2020-06,M
0302020020 ATENDIMENTO FISIOTERAPEUTICO EM PACIENTE ONCOLOGICO CLINICO,2,2,130260,2020-06,M
0302020039 ATENDIMENTO FISIOTERAPEUTICO EM PACIENTE NO PRE E POS CIRURGIA ONCOLOGICA,8,8,130260,2020-06,M
0302040013 ATENDIMENTO FISIOTERAPEUTICO EM PACIENTE COM TRANSTORNO RESPIRATORIO COM COMPLICACOES SISTEMICAS,270,270,130260,2020-06,M
0302040021 ATENDIMENTO FISIOTERAPEUTICO EM PACIENTE COM TRANSTORNO RESPIRATORIO SEM COMPLICACOES SISTEMICAS,10,10,130260,2020-06,M
0302040030 ATENDIMENTO FISIOTERAPEUTICO EM PACIENTE COM TRANSTORNO CLINICO CARDIOVASCULAR,6,6,130260,2020-06,M
0302040048 ATENDIMENTO FISIOTERAPEUTICO EM PACIENTE PRE/POS CIRURGIA CARDIOVASCULAR,15,15,130260,2020-06,M
0302040056 ATENDIMENTO FISIOTERAPEUTICO NAS DISFUNCOES VASCULARES PERIFERICAS,1,1,130260,2020-06,M
0302050019 ATENDIMENTO FISIOTERAPEUTICO EM PACIENTES NO PRE E POS-OPERATORIO NAS DISFUNCOES MUSCULO ESQUE,255,255,130260,2020-06,M
0302050027 ATENDIMENTO FISIOTERAPEUTICO NAS ALTERACOES MOTORAS,818,818,130260,2020-06,M
0302060014 ATENDIMENTO FISIOTERAPEUTICO EM PACIENTES COM DISTURBIOS NEURO-CINETICO-FUNCIONAIS SEM COMPLICAC,66,66,130260,2020-06,M
0302060022 ATENDIMENTO FISIOTERAPEUTICO EM PACIENTES COM DISTURBIOS NEURO-CINETICO-FUNCIONAIS COM COMPLICAC,10,10,130260,2020-06,M
0302060030 ATENDIMENTO FISIOTERAPEUTICO NAS DESORDENS DO DESENVOLVIMENTO NEURO MOTOR,16,16,130260,2020-06,M
0302060057 ATENDIMENTO FISIOTERAPEUTICO EM PACIENTE NO PRE/POS-OPERATORIO DE NEUROCIRURGIA,25,25,130260,2020-06,M
0303020016 PULSOTERAPIA I (POR APLICACAO),10,10,130260,2020-06,M
0303020024 PULSOTERAPIA II (POR APLICACAO),8,8,130260,2020-06,M
0303050012 ACOMPANHAMENTO E AVALIACAO DE GLAUCOMA POR FUNDOSCOPIA E TONOMETRIA,49,49,130260,2020-06,M
0303050039 TRATAMENTO OFTALMOLOGICO DE PACIENTE C/ GLAUCOMA BINOCULAR (1¶¦ LINHA ),7,7,130260,2020-06,M
0303050047 TRATAMENTO OFTALMOLOGICO DE PACIENTE C/ GLAUCOMA BINOCULAR (2¶¦ LINHA),1,1,130260,2020-06,M
0303050055 TRATAMENTO OFTALMOLOGICO DE PACIENTE C/ GLAUCOMA BINOCULAR (3 ¶¦ LINHA),1,1,130260,2020-06,M
0303050071 TRATAMENTO OFTALMOLOGICO DE PACIENTE COM GLAUCOMA MONOCULAR (2¶¦ LINHA),1,1,130260,2020-06,M
0303050160 TRATAMENTO OFTALMOLOGICO DE PACIENTE COM GLAUCOMA - 1¶¦ LINHA ASSOCIADA A 2¶¦ LINHA - BINOCULAR,20,20,130260,2020-06,M
0303050187 TRATAMENTO OFTALMOLOGICO DE PACIENTE COM GLAUCOMA - 1¶¦ LINHA ASSOCIADA A 3¶¦ LINHA - BINOCULAR,2,2,130260,2020-06,M
"0303050217 TRATAMENTO OFTALMOLOGICO DE PACIENTE COM GLAUCOMA MONOCULAR- ASSOCIACAO DE 1¶¦, 2¶¦ E 3¶¦ LINHAS",3,3,130260,2020-06,M
"0303050225 TRATAMENTO OFTALMOLOGICO DE PACIENTE COM GLAUCOMA BINOCULAR - ASSOCIACAO 1¶¦, 2¶¦ E 3¶¦ LINHAS",18,18,130260,2020-06,M
0303080019 CAUTERIZACAO QUIMICA DE PEQUENAS LESOES,1,1,130260,2020-06,M
0303080108 FOTOTERAPIA (POR SESSAO),18,18,130260,2020-06,M
0303090073 REVISAO COM TROCA DE APARELHO GESSADO EM MEMBRO INFERIOR,113,113,130260,2020-06,M
0303090090 REVISAO COM TROCA DE APARELHO GESSADO EM MEMBRO SUPERIOR,95,95,130260,2020-06,M
0303090120 TRATAMENTO CONSERVADOR DE FRATURA NA CINTURA ESCAPULAR (COM IMOBILIZACAO),2,2,130260,2020-06,M
0303090154 TRATAMENTO CONSERVADOR DE FRATURA DE PUNHO COM LUVA GESSADA,17,17,130260,2020-06,M
0303090200 TRATAMENTO CONSERVADOR DE FRATURA EM MEMBRO INFERIOR COM IMOBILIZACAO,28,28,130260,2020-06,M
0303090219 TRATAMENTO CONSERVADOR DE LESAO DA COLUNA CERVICAL COM IMOBILIZACAO,7,7,130260,2020-06,M
0303090227 TRATAMENTO CONSERVADOR DE FRATURA EM MEMBRO SUPERIOR COM IMOBILIZACAO,66,66,130260,2020-06,M
0303090260 TRATAMENTO CONSERVADOR DE LESAO DE MECANISMO EXTENSOR DOS DEDOS,2,2,130260,2020-06,M
0304010170 NARCOSE DE CRIANCA (POR PROCEDIMENTO),1,1,130260,2020-06,M
0304010367 RADIOTERAPIA DE CABECA E PESCOCO,4,4,130260,2020-06,M
0304010375 RADIOTERAPIA DO APARELHO DIGESTIVO,5,5,130260,2020-06,M
"0304010383 RADIOTERAPIA DE TRAQUEIA, BRONQUIO, PULMAO, PLEURA E MEDIASTINO",2,2,130260,2020-06,M
0304010391 RADIOTERAPIA DE OSSOS/CARTILAGENS/PARTES MOLES,4,4,130260,2020-06,M
0304010405 RADIOTERAPIA DE PELE,1,1,130260,2020-06,M
0304010456 RADIOTERAPIA DE PROSTATA,6,6,130260,2020-06,M
0304010472 RADIOTERAPIA DO APARELHO URINARIO,2,2,130260,2020-06,M
0304010502 RADIOTERAPIA DE SISTEMA NERVOSO CENTRAL,1,1,130260,2020-06,M
0304010537 RADIOTERAPIA DE PLASMOCITOMA / MIELOMA / METASTASES EM OUTRAS LOCALIZACOES,6,6,130260,2020-06,M
0304010553 RADIOTERAPIA DE LINFOMA E LEUCEMIA,2,2,130260,2020-06,M
0304020010 QUIMIOTERAPIA DO ADENOCARCINOMA DE COLON AVANCADO -1¶¦ LINHA,5,5,130260,2020-06,M
0304020044 QUIMIOTERAPIA DO ADENOCARCINOMA DE ESTOMAGO AVANCADO,18,18,130260,2020-06,M
0304020052 QUIMIOTERAPIA DO ADENOCARCINOMA DE PANCREAS AVANCADO,5,5,130260,2020-06,M
0304020079 HORMONIOTERAPIA DO ADENOCARCINOMA DE PROSTATA AVANCADO - 1¶¦ LINHA,168,168,130260,2020-06,M
0304020087 QUIMIOTERAPIA DO ADENOCARCINOMA DE PROSTATA RESISTENTE A HORMONIOTERAPIA,10,10,130260,2020-06,M
0304020095 QUIMIOTERAPIA DO CARCINOMA DE RETO AVANCADO -1¶¦ LINHA,6,6,130260,2020-06,M
0304020133 QUIMIOTERAPIA DO CARCINOMA DE MAMA AVANCADO -1¶¦ LINHA,6,6,130260,2020-06,M
0304020168 QUIMIOTERAPIA DO CARCINOMA DE RIM AVANCADO,8,8,130260,2020-06,M
0304020176 QUIMIOTERAPIA DO CARCINOMA EPIDERMOIDE / ADENOCARCINOMA DE ESOFAGO AVANCADO,1,1,130260,2020-06,M
0304020206 QUIMIOTERAPIA DO CARCINOMA EPIDERMOIDE DE CABECA E PESCOCO AVANCADO,9,9,130260,2020-06,M
0304020214 QUIMIOTERAPIA DO CARCINOMA PULMONAR DE CELULAS NAO PEQUENAS AVANCADO,10,10,130260,2020-06,M
0304020222 QUIMIOTERAPIA DO CARCINOMA PULMONAR INDIFERENCIADO DE CELULAS PEQUENAS AVANCADO,4,4,130260,2020-06,M
0304020230 QUIMIOTERAPIA DO MELANOMA MALIGNO AVANCADO,2,2,130260,2020-06,M
0304020265 QUIMIOTERAPIA DE METASTASE DE NEOPLASIA MALIGNA INDIFERENCIADA DE ORIGEM DESCONHECIDA,1,1,130260,2020-06,M
0304020290 QUIMIOTERAPIA DE SARCOMA DE PARTES MOLES AVANCADO,3,3,130260,2020-06,M
0304020320 QUIMIOTERAPIA DE TUMOR DO SISTEMA NERVOSO CENTRAL AVANCADO,2,2,130260,2020-06,M
0304020362 QUIMIOTERAPIA DO CARCINOMA DE TIREOIDE AVANCADO,3,3,130260,2020-06,M
0304020370 QUIMIOTERAPIA DO CARCINOMA DE PENIS AVANCADO,3,3,130260,2020-06,M
0304020389 QUIMIOTERAPIA DE CARCINOMA DO FIGADO OU DO TRATO BILIAR AVANCADO,2,2,130260,2020-06,M
0304030015 QUIMIOTERAPIA DE DOENCA LINFOPROLIFERATIVA RARA -1¶¦ LINHA,2,2,130260,2020-06,M
0304030031 QUIMIOTERAPIA DE DOENCA MIELOPROLIFERATIVA RARA - 1¶¦ LINHA,14,14,130260,2020-06,M
0304030040 QUIMIOTERAPIA DE DOENCA MIELOPROLIFERATIVA RARA - 2¶¦ LINHA,1,1,130260,2020-06,M
0304030082 QUIMIOTERAPIA DA LEUCEMIA MIELOIDE CRONICA EM FASE BLASTICA - MARCADOR POSITIVO - 2¶¦ LINHA,4,4,130260,2020-06,M
0304030090 QUIMIOTERAPIA DA LEUCEMIA MIELOIDE CRONICA EM FASE BLASTICA - MARCADOR POSITIVO - SEM FASE CRONICA,1,1,130260,2020-06,M
0304030112 QUIMIOTERAPIA DA LEUCEMIA MIELOIDE CRONICA EM FASE CRONICA - MARCADOR POSITIVO - 1¶¦ LINHA,63,63,130260,2020-06,M
0304030147 QUIMIOTERAPIA DA LEUCEMIA MIELOIDE CRONICA EM FASE DE TRANSFORMACAO - MARCADOR POSITIVO - 2¶¦LINH,1,1,130260,2020-06,M
0304030163 QUIMIOTERAPIA DE LINFOMA NAO HODGKIN DE BAIXO GRAU DE MALIGNIDADE (1¶¦ LINHA),1,1,130260,2020-06,M
0304030171 QUIMIOTERAPIA DE LINFOMA NAO HODGKIN DE BAIXO GRAU DE MALIGNIDADE - 2¶¦LINHA,2,2,130260,2020-06,M
0304030180 QUIMIOTERAPIA DE NEOPLASIA DE CELULAS PLASMATICAS - 1¶¦ LINHA,4,4,130260,2020-06,M
0304030198 QUIMIOTERAPIA DE NEOPLASIA DE CELULAS PLASMATICAS - 2¶¦ LINHA,12,12,130260,2020-06,M
0304030228 QUIMIOTERAPIA DE LEUCEMIA MIELOIDE CRONICA EM FASE CRONICA - MARCADOR POSITIVO - 2¶¦ LINHA,30,30,130260,2020-06,M
0304040029 QUIMIOTERAPIA DO CARCINOMA DE MAMA (PREVIA),1,1,130260,2020-06,M
0304040061 QUIMIOTERAPIA DO CARCINOMA EPIDERMOIDE DE SEIO PARA-NASAL/ LARINGE / HIPOFARINGE/ OROFARINGE /CAVIDA,6,6,130260,2020-06,M
0304040088 QUIMIOTERAPIA DO CARCINOMA DE NASOFARINGE,1,1,130260,2020-06,M
0304040118 QUIMIOTERAPIA DE CARCINOMA EPIDERMOIDE / ADENOCARCINOMA DE ESOFAGO,4,4,130260,2020-06,M
0304040207 HORMONIOTERAPIA PREVIA A RADIOTERAPIA EXTERNA DO ADENOCARCINOMA DE PROSTATA,66,66,130260,2020-06,M
0304050016 QUIMIOTERAPIA INTRA-VESICAL,4,4,130260,2020-06,M
0304050024 QUIMIOTERAPIA DE ADENOCARCINOMA DE COLON,1,1,130260,2020-06,M
0304050032 QUIMIOTERAPIA DO ADENOCARCINOMA DE RETO (ADJUVANTE),4,4,130260,2020-06,M
0304050067 QUIMIOTERAPIA DO CARCINOMA DE MAMA EM ESTADIO III,2,2,130260,2020-06,M
0304050113 HORMONIOTERAPIA DO CARCINOMA DE MAMA EM ESTADIO III,1,1,130260,2020-06,M
0304050121 HORMONIOTERAPIA DO CARCINOMA DE MAMA EM ESTADIO II,4,4,130260,2020-06,M
0304050172 QUIMIOTERAPIA DO CARCINOMA PULMONAR DE CELULAS NAO PEQUENAS (ADJUVANTE),2,2,130260,2020-06,M
0304050229 QUIMIOTERAPIA DE SARCOMA DE PARTES MOLES DE EXTREMIDADE,2,2,130260,2020-06,M
0304050253 QUIMIOTERAPIA DO ADENOCARCINOMA DE ESTOMAGO (POS OPERATORIA),6,6,130260,2020-06,M
0304050326 QUIMIOTERAPIA DE MELANOMA MALIGNO,3,3,130260,2020-06,M
0304050342 HORMONIOTERAPIA ADJUVANTE A RADIOTERAPIA EXTERNA DO ADENOCARCINOMA DE PROSTATA,107,107,130260,2020-06,M
0304060011 QUIMIOTERAPIA DA DOENCA DE HODGKIN - 1¶¦ LINHA,4,4,130260,2020-06,M
0304060046 QUIMIOTERAPIA DA DOENCA DE HODGKIN - 3¶¦ LINHA,1,1,130260,2020-06,M
0304060070 QUIMIOTERAPIA DE LEUCEMIA AGUDA/ MIELODISPLASIA / LINFOMA DE BURKITT - 1¶¦ LINHA,2,2,130260,2020-06,M
0304060089 QUIMIOTERAPIA DE LEUCEMIA AGUDA/ MIELODISPLASIA/LINFOMA LINFOBLASTICO/ LINFOMA DE BURKITT - 2¶¦ LINH,2,2,130260,2020-06,M
0304060127 QUIMIOTERAPIA DE LINFOMA NAO HODGKIN GRAU INTERMEDIARIO OU ALTO - 3¶¦ LINHA,2,2,130260,2020-06,M
0304060135 QUIMIOTERAPIA DE LINFOMA NAO HODGKIN DE GRAU DE MALIGNIDADE INTERMEDIARIO OU ALTO - 1¶¦ LINHA,1,1,130260,2020-06,M
0304060208 QUIMIOTERAPIA DE TUMOR GERMINATIVO DE TESTICULO - 1¶¦ LINHA,6,6,130260,2020-06,M
0304060216 QUIMIOTERAPIA DE TUMOR GERMINATIVO DE TESTICULO - 2¶¦ LINHA,1,1,130260,2020-06,M
0304060224 QUIMIOTERAPIA DE LINFOMA DIFUSO DE GRANDES CELULAS B ¶- 1¶¦ LINHA,3,3,130260,2020-06,M
"0304060232 QUIMIOTERAPIA DE LEUCEMIA LINFOIDE/LINFOBLASTICA AGUDA, LINFOMA LINFOBLASTICO, LEUCEMIA MIELOIDE AG",9,9,130260,2020-06,M
0304070017 QUIMIOTERAPIA DE CANCER NA INFANCIA E ADOLESCENCIA - 1¶¦ LINHA,23,23,130260,2020-06,M
0304070025 QUIMIOTERAPIA DE CANCER NA INFANCIA E ADOLESCENCIA - 2¶¦ LINHA,7,7,130260,2020-06,M
0304070033 QUIMIOTERAPIA DE CANCER NA INFANCIA E ADOLESCENCIA - 4¶¦ LINHA,1,1,130260,2020-06,M
"0304070068 QUIMIOTERAPIA DE LEUCEMIA LINFOIDE/LINFOBLASTICA AGUDA , LINFOMA LINFOBLASTICO, LEUCEMIA MIELOIDE A",12,12,130260,2020-06,M
"0304070076 QUIMIOTERAPIA DE LEUCEMIA LINFOIDE/LINFOBLASTICA AGUDA, LEUCEMIA MIELOIDE AGUDA E LEUCEMIA PROMIELO",19,19,130260,2020-06,M
0304080012 FATOR ESTIMULANTE DO CRESCIMENTO DE COLONIAS DE GRANULOCITOS / MACROFAGOS,10,10,130260,2020-06,M
0304080055 QUIMIOTERAPIA INTRA-TECAL,1,1,130260,2020-06,M
0304080071 INIBIDOR DA OSTEOLISE,59,59,130260,2020-06,M
0305010093 HEMODIALISE (MAXIMO 1 SESSAO POR SEMANA - EXCEPCIONALIDADE),88,88,130260,2020-06,M
0305010107 HEMODIALISE (MAXIMO 3 SESSOES POR SEMANA),6688,6688,130260,2020-06,M
0305010115 HEMODIALISE EM PACIENTE COM SOROLOGIA POSITIVA PARA HIV E/OU HEPATITE B E/OU HEPATITE C (MAXIMO 3 S,495,495,130260,2020-06,M
0305010123 HEMODIALISE EM PACIENTE COM SOROLOGIA POSITIVA PARA HIV E/OU HEPATITE B E/OU HEPATITE C (EXCEPCIONAL,1,1,130260,2020-06,M
0305010166 MANUTENCAO E ACOMPANHAMENTO DOMICILIAR DE PACIENTE SUBMETIDO A DPA /DPAC,13,13,130260,2020-06,M
0305010220 COMPLEMENTACAO DE VALOR DE SESSAO DE HEMODIALISE EM PACIENTE COM SUSPEICAO OU CONFIRMACAO DE,19,19,130260,2020-06,M
0306020017 AFERESE TERAPEUTICA,6,6,130260,2020-06,M
0306020041 SANGRIA TERAPEUTICA,4,4,130260,2020-06,M
0306020068 TRANSFUSAO DE CONCENTRADO DE HEMACIAS,448,448,130260,2020-06,M
0306020076 TRANSFUSAO DE CONCENTRADO DE PLAQUETAS,265,265,130260,2020-06,M
0306020084 TRANSFUSAO DE CRIOPRECIPITADO,52,52,130260,2020-06,M
0306020106 TRANSFUSAO DE PLASMA FRESCO,37,37,130260,2020-06,M
0307020010 ACESSO A POLPA DENTARIA E MEDICACAO (POR DENTE),2,2,130260,2020-06,M
0307020029 CURATIVO DE DEMORA C/ OU S/ PREPARO BIOMECANICO,1,1,130260,2020-06,M
0307020053 TRATAMENTO ENDODONTICO DE DENTE PERMANENTE COM TRES OU MAIS RAIZES,2,2,130260,2020-06,M
0307020061 TRATAMENTO ENDODONTICO DE DENTE PERMANENTE UNIRRADICULAR,1,1,130260,2020-06,M
0309030102 LITOTRIPSIA EXTRACORPOREA (ONDA DE CHOQUE - TRATATAMENTO SUBSEQUENTE EM 1 REGIAO RENAL),24,24,130260,2020-06,M
0309030129 LITOTRIPSIA EXTRACORPOREA (ONDA DE CHOQUE PARCIAL / COMPLETA EM 1 REGIAO RENAL),24,24,130260,2020-06,M
0309050057 SESSAO DE MASSOTERAPIA,28,28,130260,2020-06,M
0401010015 CURATIVO GRAU II C/ OU S/ DEBRIDAMENTO,7536,7536,130260,2020-06,M
0401010023 CURATIVO GRAU I COM OU SEM DEBRIDAMENTO,84,84,130260,2020-06,M
0401010031 DRENAGEM DE ABSCESSO,4,4,130260,2020-06,M
0401010040 ELETROCOAGULACAO DE LESAO CUTANEA,11,11,130260,2020-06,M
0401010058 EXCISAO DE LESAO E/OU SUTURA DE FERIMENTO DA PELE ANEXOS E MUCOSA,1469,1469,130260,2020-06,M
0401010066 EXCISAO E/OU SUTURA SIMPLES DE PEQUENAS LESOES / FERIMENTOS DE PELE / ANEXOS E MUCOSA,23,23,130260,2020-06,M
0401010074 EXERESE DE TUMOR DE PELE E ANEXOS / CISTO SEBACEO / LIPOMA,9,9,130260,2020-06,M
0401010082 FRENECTOMIA/FRENOTOMIA,1,1,130260,2020-06,M
0401010090 FULGURACAO / CAUTERIZACAO QUIMICA DE LESOES CUTANEAS,2,2,130260,2020-06,M
0401010104 INCISAO E DRENAGEM DE ABSCESSO,304,304,130260,2020-06,M
0401010112 RETIRADA DE CORPO ESTRANHO SUBCUTANEO,13,13,130260,2020-06,M
0404010075 DRENAGEM DE FURUNCULO NO CONDUTO AUDITIVO EXTERNO,1,1,130260,2020-06,M
0404010270 REMOCAO DE CERUMEN DE CONDUTO AUDITIVO EXTERNO UNI / BILATERAL,1,1,130260,2020-06,M
0404010318 RETIRADA DE CORPO ESTRANHO DE OUVIDO / FARINGE / LARINGE / NARIZ,222,222,130260,2020-06,M
0404020054 DRENAGEM DE ABSCESSO DA BOCA E ANEXOS,3,3,130260,2020-06,M
0404020097 EXCISAO E SUTURA DE LESAO NA BOCA,6,6,130260,2020-06,M
0404020313 RETIRADA DE CORPO ESTRANHO DOS OSSOS DA FACE,1,1,130260,2020-06,M
0405010117 RECONSTITUICAO DE CANAL LACRIMAL,1,1,130260,2020-06,M
0405030053 INJECAO INTRA-VITREO,2,2,130260,2020-06,M
0405040075 EVISCERACAO DE GLOBO OCULAR,1,1,130260,2020-06,M
0405050020 CAPSULOTOMIA A YAG LASER,9,9,130260,2020-06,M
0405050143 IMPLANTE INTRA-ESTROMAL,1,1,130260,2020-06,M
0405050151 IMPLANTE SECUNDARIO DE LENTE INTRA-OCULAR - LIO,1,1,130260,2020-06,M
0405050194 IRIDOTOMIA A LASER,4,4,130260,2020-06,M
0405050259 RETIRADA DE CORPO ESTRANHO DA CORNEA,1,1,130260,2020-06,M
0405050305 SUTURA DE CORNEA,1,1,130260,2020-06,M
0405050364 TRATAMENTO CIRURGICO DE PTERIGIO,16,16,130260,2020-06,M
0405050372 FACOEMULSIFICACAO C/ IMPLANTE DE LENTE INTRA-OCULAR DOBRAVEL,81,81,130260,2020-06,M
0407010246 RETIRADA DE CORPO ESTRANHO DO TUBO DIGESTIVO POR ENDOSCOPIA,1,1,130260,2020-06,M
0407010327 TRATAMENTO ESCLEROSANTE DE LESOES NAO HEMORRAGICAS DO APARELHO DIGESTIVO INCLUINDO LIGADURA ELASTICA,1,1,130260,2020-06,M
0407020160 ELETROCAUTERIZACAO DE LESAO TRANSPARIETAL DE ANUS,1,1,130260,2020-06,M
0407040196 PARACENTESE ABDOMINAL,21,21,130260,2020-06,M
0408010134 REDUCAO INCRUENTA DE LUXACAO OU FRATURA / LUXACAO ESCAPULO-UMERAL,17,17,130260,2020-06,M
0408020172 REDUCAO INCRUENTA DE FRATURA / LESAO FISARIA NO PUNHO,26,26,130260,2020-06,M
0408020199 REDUCAO INCRUENTA DE FRATURA DA DIAFISE DO UMERO,1,1,130260,2020-06,M
0408020202 REDUCAO INCRUENTA DE FRATURA DIAFISARIA DOS OSSOS DO ANTEBRACO,29,29,130260,2020-06,M
0408020229 REDUCAO INCRUENTA DE LUXACAO / FRATURA-LUXACAO DO COTOVELO,6,6,130260,2020-06,M
0408020245 REDUCAO INCRUENTA DE LUXACAO OU FRATURA / LUXACAO NO PUNHO,8,8,130260,2020-06,M
0408050195 REDUCAO INCRUENTA DA LUXACAO / FRATURA-LUXACAO METATARSO-FALANGIANA / INTERFALANGIANA DO PE,9,9,130260,2020-06,M
0408050209 REDUCAO INCRUENTA DE FRATURA / LESAO FISARIA DOS METATARSIANOS,1,1,130260,2020-06,M
0408050225 REDUCAO INCRUENTA DE FRATURA DIAFISARIA / LESAO FISARIA DISTAL DA TIBIA C/ OU S/ FRATURA DA FIBULA,1,1,130260,2020-06,M
0408050241 REDUCAO INCRUENTA DE FRATURA DOS OSSOS DO TARSO,1,1,130260,2020-06,M
0408050250 REDUCAO INCRUENTA DE FRATURA OU LESAO FISARIA DO JOELHO,1,1,130260,2020-06,M
0408060352 RETIRADA DE FIO OU PINO INTRA-OSSEO,16,16,130260,2020-06,M
0408060654 TRATAMENTO CIRURGICO DE POLIDACTILIA NAO ARTICULADA,1,1,130260,2020-06,M
0409050059 LIBERACAO / PLASTIA DE PREPUCIO,1,1,130260,2020-06,M
0409050067 PLASTICA DE FREIO BALANO-PREPUCIAL,19,19,130260,2020-06,M
0412050170 TORACOCENTESE/DRENAGEM DE PLEURA,1,1,130260,2020-06,M
0414020073 CURETAGEM PERIAPICAL,6,6,130260,2020-06,M
0414020278 REMOCAO DE DENTE RETIDO (INCLUSO / IMPACTADO),9,9,130260,2020-06,M
0415040043 DEBRIDAMENTO DE ULCERA / NECROSE,814,814,130260,2020-06,M
0417010052 ANESTESIA REGIONAL,627,627,130260,2020-06,M
0417010060 SEDACAO,6,6,130260,2020-06,M
0418010048 IMPLANTE DE CATETER DE LONGA PERMANENCIA P/ HEMODIALISE,11,11,130260,2020-06,M
0418010064 IMPLANTE DE CATETER DUPLO LUMEN P/HEMODIALISE,86,86,130260,2020-06,M
0418020035 RETIRADA DE CATETER TIPO TENCKHOFF / SIMILAR DE LONGA PERMANENCIA,2,2,130260,2020-06,M
0501010017 COLETA DE SANGUE EM HEMOCENTRO P/ EXAMES DE HISTOCOMPATIBILIDADE (CADASTRO DE DOADOR NO REDOME),1,1,130260,2020-06,M
0501010025 IDENTIFICACAO DE DOADOR APARENTADO DE CELULAS-TRONCO HEMATOPOETICAS 1A FASE (POR DOADOR TIPADO),4,4,130260,2020-06,M
0501010033 IDENTIFICACAO DE DOADOR APARENTADO DE CELULAS-TRONCO HEMATOPOETICAS 2A FASE (POR DOADOR TIPADO),3,3,130260,2020-06,M
0501010041 IDENTIFICACAO DE DOADOR APARENTADO DE CELULAS-TRONCO HEMATOPOETICAS 3A FASE (POR DOADOR TIPADO),2,2,130260,2020-06,M
0501010050 IDENTIFICACAO DE DOADOR VOLUNTARIO DE CELULAS TRONCO HEMATOPOETICAS PARA CADASTRO NO REDOME (POR D,20,20,130260,2020-06,M
0501010084 IDENTIFICACAO DE DOADOR VOLUNTARIO DE CELULAS TRONCO HEMATOPOETICA DE DOADORES CADASTRADOS NO REDOME,1,1,130260,2020-06,M
0501020012 IDENTIFICACAO DE RECEPTOR DE CELULAS-TRONCO HEMATOPOETICAS 1A FASE,4,4,130260,2020-06,M
0501020020 IDENTIFICACAO DE RECEPTOR DE CELULAS-TRONCO HEMATOPOETICAS 2A FASE,4,4,130260,2020-06,M
0501040064 PROVAS CRUZADAS EM RECEPTORES DE DOADORES FALECIDOS (CROSS MATCH),12,12,130260,2020-06,M
0501050019 AVALIACAO DE REATIVIDADE DO RECEPTOR CONTRA PAINEL EM RECEPTORES HIPERSENSIBILIZADOS DE ORGAOS,9,9,130260,2020-06,M
0501050035 AVALIACAO DE REATIVIDADE EM RECEPTORES NAO SENSIBILIZADOS,3,3,130260,2020-06,M
0501050043 EXAMES DE PACIENTES EM LISTA DE ESPERA PARA TRANSPLANTES,1,1,130260,2020-06,M
0501070028 SOROLOGIA DE POSSIVEL DOADOR DE ORGAO OU TECIDO EXCETO CORNEA,1,1,130260,2020-06,M
0501080031 DOSAGEM DE CICLOSPORINA (EM PACIENTE TRANSPLANTADO),1,1,130260,2020-06,M
0501080058 DOSAGEM DE TACROLIMO (EM PACIENTE TRANSPLANTADO),5,5,130260,2020-06,M
0501080074 EXAMES MICROBIOLOGICOS EM PACIENTE TRANSPLANTADO,3,3,130260,2020-06,M
0503010022 ACOES RELACIONADAS A DOACAO DE ORGAOS E TECIDOS REALIZADAS POR EQUIPE DE OUTRO ESTABELECIMENTO,8,8,130260,2020-06,M
0503030058 RETIRADA DE GLOBO OCULAR UNI / BILATERAL (P/ TRANSPLANTE),8,8,130260,2020-06,M
0503040061 ENTREVISTA FAMILIAR PARA DOACAO DE TECIDOS DE DOADORES COM CORACAO PARADO,5,5,130260,2020-06,M
0506010023 ACOMPANHAMENTO DE PACIENTE POS-TRANSPLANTE DE RIM FIGADO CORACAO PULMAO CELULAS-TRONCO HEMATOPOETICA,39,39,130260,2020-06,M
0506010040 ACOMPANHAMENTO DE PACIENTES NO PRE TRANSPLANTE DE ORGAOS,3,3,130260,2020-06,M
0604010010 MESALAZINA 400 MG (POR COMPRIMIDO),10570,10570,130260,2020-06,M
0604010036 MESALAZINA 800 MG - POR COMPRIMIDO¶ÿ,665,665,130260,2020-06,M
0604010095 SULFASSALAZINA 500 MG (POR COMPRIMIDO),2010,2010,130260,2020-06,M
0604020031 DEFERASIROX 500 MG (POR COMPRIMIDO)¶ÿ,60,60,130260,2020-06,M
"0604030037 CABERGOLINA 0,5 MG (POR COMPRIMIDO)",364,364,130260,2020-06,M
"0604030045 PRAMIPEXOL 0,125 MG (POR COMPRIMIDO)",90,90,130260,2020-06,M
"0604030053 PRAMIPEXOL 0,25 MG (POR COMPRIMIDO)",4325,4325,130260,2020-06,M
0604030061 PRAMIPEXOL 1 MG (POR COMPRIMIDO),4418,4418,130260,2020-06,M
0604040040 FORMOTEROL 12 MCG + BUDESONIDA 400 MCG ¶ÿ(POR CAPSULA INALANTE),120,120,130260,2020-06,M
0604040059 FORMOTEROL 12 MCG + BUDESONIDA 400 MCG PO INALANTE (POR FRASCO DE 60 DOSES),356,356,130260,2020-06,M
0604040067 FORMOTEROL 6 MCG + BUDESONIDA 200 MCG PO INALANTE (POR FRASCO DE 60 DOSES),147,147,130260,2020-06,M
0604060025 COMPLEMENTO ALIMENTAR P/ PACIENTE FENILCETONURICO MAIOR DE 1 ANO - FORMULA DE AMINOACIDOS ISENTA DE,15,15,130260,2020-06,M
0604080026 HIDROXICLOROQUINA 400 MG (POR COMPRIMIDO),660,660,130260,2020-06,M
"0604100019 DESMOPRESSINA 0,1 MG/ML APLICACAO NASAL (POR FRASCO DE 2,5 ML",53,53,130260,2020-06,M
"0604110030 LEUPRORRELINA 3,75 MG INJETAVEL (POR FRASCO-AMPOLA)",8,8,130260,2020-06,M
0604130015 DONEPEZILA 5 MG (POR COMPRIMIDO),420,420,130260,2020-06,M
0604130023 DONEPEZILA 10 MG (POR COMPRIMIDO),1023,1023,130260,2020-06,M
0604130031 GALANTAMINA 8 MG (POR CAPSULA DE LIBERACAO PROLONGADA),30,30,130260,2020-06,M
0604130040 GALANTAMINA 16 MG (POR CAPSULA DE LIBERACAO PROLONGADA),120,120,130260,2020-06,M
0604130058 GALANTAMINA 24 MG (POR CAPSULA DE LIBERACAO PROLONGADA),210,210,130260,2020-06,M
"0604130066 RIVASTIGMINA 1,5 MG (POR CAPSULA)",180,180,130260,2020-06,M
0604130082 RIVASTIGMINA 3 MG (POR CAPSULA),150,150,130260,2020-06,M
0604130112 PIRIDOSTIGMINA 60 MG (POR COMPRIMIDO),90,90,130260,2020-06,M
0604130139 RIVASTIGMINA 18 MG ADESIVO TRANSDERMICO,180,180,130260,2020-06,M
0604180012 CLOBAZAM 10 MG (POR COMPRIMIDO),1104,1104,130260,2020-06,M
0604190018 VIGABATRINA 500 MG (POR COMPRIMIDO),840,840,130260,2020-06,M
0604200013 AMANTADINA 100 MG (POR COMPRIMIDO),450,450,130260,2020-06,M
0604210019 ZIPRASIDONA 40 MG (POR CAPSULA),394,394,130260,2020-06,M
0604230010 OLANZAPINA 5 MG (POR COMPRIMIDO),2610,2610,130260,2020-06,M
0604230028 OLANZAPINA 10 MG (POR COMPRIMIDO),9153,9153,130260,2020-06,M
0604230036 QUETIAPINA 25 MG (POR COMPRIMIDO),420,420,130260,2020-06,M
0604230044 QUETIAPINA 100 MG (POR COMPRIMIDO),5100,5100,130260,2020-06,M
0604230052 QUETIAPINA 200 MG (POR COMPRIMIDO),1594,1594,130260,2020-06,M
0604230060 QUETIAPINA 300 MG (POR COMPRIMIDO),90,90,130260,2020-06,M
0604230087 CLOZAPINA 100 MG (POR COMPRIMIDO),9810,9810,130260,2020-06,M
0604240031 IMIGLUCERASE 400 U INJETAVEL (POR FRASCO-AMPOLA),23,23,130260,2020-06,M
0604240074 IDURSULFASE ALFA 2 MG/ML SOLUCAO INJETAVEL (FRASCO DE 3 ML),80,80,130260,2020-06,M
0604250010 FILGRASTIM 300 MCG INJETAVEL (POR FRASCO AMPOLA OU SERINGA PREENCHIDA),23,23,130260,2020-06,M
0604260016 SACARATO DE HIDROXIDO FERRICO 100 MG INJETAVEL (POR FRASCO DE 5 ML),1678,1678,130260,2020-06,M
0604290020 OCTREOTIDA LAR 20 MG INJETAVEL (POR FRASCO-AMPOLA),4,4,130260,2020-06,M
0604290039 OCTREOTIDA ¶ÿLAR 30 MG INJETAVEL (POR FRASCO-AMPOLA),1,1,130260,2020-06,M
0604300018 IMUNOGLOBULINA ANTI-HEPATITE B 100 UI INJETAVEL (POR FRASCO),6,6,130260,2020-06,M
0604300034 IMUNOGLOBULINA ANTI-HEPATITE B 600 UI INJETAVEL (POR FRASCO),3,3,130260,2020-06,M
"0604310056 IMUNOGLOBULINA HUMANA 5,0 G INJETAVEL (POR FRASCO)",154,154,130260,2020-06,M
"0604320019 EVEROLIMO 0,5 MG (POR COMPRIMIDO)¶ÿ",300,300,130260,2020-06,M
0604320035 EVEROLIMO 1 MG (POR COMPRIMIDO)¶ÿ,880,880,130260,2020-06,M
0604320043 LEFLUNOMIDA 20 MG (POR COMPRIMIDO),1380,1380,130260,2020-06,M
0604320051 MICOFENOLATO DE MOFETILA 500 MG (POR COMPRIMIDO),1700,1700,130260,2020-06,M
0604320060 MICOFENOLATO DE SODIO 180 MG (POR COMPRIMIDO),450,450,130260,2020-06,M
0604320078 MICOFENOLATO DE SODIO 360 MG (POR COMPRIMIDO),12010,12010,130260,2020-06,M
0604320086 SIROLIMO 1 MG (POR DRAGEA),1110,1110,130260,2020-06,M
0604320094 SIROLIMO 2 MG (POR DRAGEA),90,90,130260,2020-06,M
0604320116 NATALIZUMABE 300MG (POR FRASCO-AMPOLA),2,2,130260,2020-06,M
"0604320132 FINGOLIMODE 0,5 MG (POR CAPSULA)",198,198,130260,2020-06,M
0604320159 TOFACITINIBE 5 MG (POR COMPRIMIDO),120,120,130260,2020-06,M
0604330022 CLOPIDOGREL 75 MG (POR COMPRIMIDO),62,62,130260,2020-06,M
0604340028 CICLOSPORINA 25 MG (POR CAPSULA),240,240,130260,2020-06,M
0604340036 CICLOSPORINA 50 MG (POR CAPSULA),1950,1950,130260,2020-06,M
0604340044 CICLOSPORINA 100 MG (POR CAPSULA),240,240,130260,2020-06,M
0604340052 CICLOSPORINA 100 MG/ML SOLUCAO ORAL (POR FRASCO DE 50 ML),1,1,130260,2020-06,M
0604340060 TACROLIMO 1 MG (POR CAPSULA),24740,24740,130260,2020-06,M
0604340079 TACROLIMO 5 MG (POR CAPSULA),780,780,130260,2020-06,M
0604350015 SILDENAFILA 20 MG (POR COMPRIMIDO),1110,1110,130260,2020-06,M
0604360010 ATORVASTATINA 10 MG (POR COMPRIMIDO),90,90,130260,2020-06,M
0604360029 ATORVASTATINA 20 MG (POR COMPRIMIDO),577,577,130260,2020-06,M
0604360037 ATORVASTATINA 40 MG (POR COMPRIMIDO),30,30,130260,2020-06,M
0604360126 PRAVASTATINA 40 MG (POR COMPRIMIDO),30,30,130260,2020-06,M
0604380011 ADALIMUMABE 40 MG INJETAVEL (POR SERINGA PREENCHIDA),238,238,130260,2020-06,M
0604380020 ETANERCEPTE 25 MG INJETAVEL (POR FRASCO-AMPOLA OU SERINGA PREENCHIDA),4,4,130260,2020-06,M
0604380038 ETANERCEPTE 50MG INJETAVEL (POR FRASCO-AMPOLA OU SERINGA PREENCHIDA)(ORIGINADOR),203,203,130260,2020-06,M
0604380054 INFLIXIMABE 10 MG/ML INJETAVEL (POR FRASCO-AMPOLA COM 10 ML),14,14,130260,2020-06,M
0604380062 ADALIMUMABE 40 MG INJETAVEL (POR SERINGA PREENCHIDA),100,100,130260,2020-06,M
0604380070 CERTOLIZUMABE PEGOL 200 MG/ML INJETAVEL (POR SERINGA PREENCHIDA),14,14,130260,2020-06,M
0604380089 GOLIMUMABE 50 MG INJETAVEL (POR SERINGA PREENCHIDA,6,6,130260,2020-06,M
0604390041 ALFAPEGINTERFERONA 2A 180MCG (POR SERINGA PREENCHIDA),37,37,130260,2020-06,M
"0604390092 BETAINTERFERONA 1A 6000000 UI (30 MCG) INJETAVEL (POR FRASCO-AMPOLA, SERINGA PREENCHIDA OU CANETA",5,5,130260,2020-06,M
0604390106 BETAINTERFERONA 1A 12000000 UI (44 MCG) INJETAVEL (POR SERINGA PREENCHIDA),25,25,130260,2020-06,M
0604390114 BETAINTERFERONA 1B 9600000 UI (300MCG) INJETAVEL (POR FRASCO-AMPOLA),15,15,130260,2020-06,M
0604400012 SEVELAMER 800 MG (POR COMPRIMIDO),76410,76410,130260,2020-06,M
"0604420013 FLUDROCORTISONA 0,1 MG (POR COMPRIMIDO)",110,110,130260,2020-06,M
"0604440014 ALFADORNASE 2,5 MG (POR AMPOLA)",30,30,130260,2020-06,M
0604450010 RIBAVIRINA 250 MG (POR CAPSULA),420,420,130260,2020-06,M
"0604460023 ENTECAVIR 0,5 MG (POR COMPRIMIDO)",8720,8720,130260,2020-06,M
0604460058 TENOFOVIR 300 MG (POR COMPRIMIDO),3391,3391,130260,2020-06,M
0604470037 ALFAEPOETINA 3000 UI INJETAVEL (POR FRASCO-AMPOLA),8,8,130260,2020-06,M
0604470045 ALFAEPOETINA 4000 UI INJETAVEL (POR FRASCO-AMPOLA),8514,8514,130260,2020-06,M
0604480016 HIDROXIUREIA 500 MG (POR CAPSULA),1410,1410,130260,2020-06,M
0604490011 ENTACAPONA 200 MG (POR COMPRIMIDO),640,640,130260,2020-06,M
0604500017 GABAPENTINA 300 MG (POR CAPSULA),4400,4400,130260,2020-06,M
0604500025 GABAPENTINA 400 MG (POR CAPSULA),1050,1050,130260,2020-06,M
0604500050 LAMOTRIGINA 100 MG (POR COMPRIMIDO),3330,3330,130260,2020-06,M
0604500068 TOPIRAMATO 25 MG (POR COMPRIMIDO),1422,1422,130260,2020-06,M
0604500076 TOPIRAMATO 50 MG (POR COMPRIMIDO),4276,4276,130260,2020-06,M
0604500084 TOPIRAMATO 100 MG (POR COMPRIMIDO),634,634,130260,2020-06,M
0604510012 RISPERIDONA 1 MG (POR COMPRIMIDO),210,210,130260,2020-06,M
0604510020 RISPERIDONA 2 MG (POR COMPRIMIDO),660,660,130260,2020-06,M
"0604510047 RISPERIDONA 1,0 MG/ML SOLUCAO ORAL (POR FRASCO DE 30 ML)",18,18,130260,2020-06,M
0604530013 AZATIOPRINA 50 MG (POR COMPRIMIDO),8700,8700,130260,2020-06,M
"0604530021 METOTREXATO 2,5 MG (POR COMPRIMIDO)",2570,2570,130260,2020-06,M
0604540019 RILUZOL 50 MG (POR COMPRIMIDO),900,900,130260,2020-06,M
0604540027 FUMARATO DE DIMETILA 120 MG (POR CAPSULA),14,14,130260,2020-06,M
0604540035 FUMARATO DE DIMETILA 240 MG (POR CAPSULA),220,220,130260,2020-06,M
0604550014 TOXINA BOTULINICA TIPO A 100 U INJETAVEL (POR FRASCO-AMPOLA),12,12,130260,2020-06,M
0604550022 TOXINA BOTULINICA TIPO A 500 U INJETAVEL (POR FRASCO-AMPOLA),28,28,130260,2020-06,M
0604580029 PANCREATINA 25000 UI (POR CAPSULA),860,860,130260,2020-06,M
0604590024 ISOTRETINOINA 20 MG (POR CAPSULA),1095,1095,130260,2020-06,M
0604600011 ACITRETINA 10 MG (POR CAPSULA),2647,2647,130260,2020-06,M
0604610017 SOMATROPINA 4 UI INJETAVEL (POR FRASCO-AMPOLA),2204,2204,130260,2020-06,M
0604610025 SOMATROPINA 12 UI INJETAVEL (POR FRASCO-AMPOLA),155,155,130260,2020-06,M
"0604620039 CALCITRIOL 0,25 MCG (POR CAPSULA)",3184,3184,130260,2020-06,M
"0604650019 BIMATOPROSTA 0,3 MG/ML SOLUCAO OFTALMICA (POR FRASCO DE 3 ML)",5,5,130260,2020-06,M
"0604650027 LATANOPROSTA 0,05 MG/ML SOLUCAO OFTALMICA (POR FRASCO DE 2,5 ML)",1,1,130260,2020-06,M
"0604650035 TRAVOPROSTA 0,04 MG/ML SOLUCAO OFTALMICA (POR FRASCO DE 2,5 ML)",10,10,130260,2020-06,M
0604660014 BRINZOLAMIDA 10 MG/ML SUSPENSAO OFTALMICA (POR FRASCO DE 5 ML),2,2,130260,2020-06,M
0604660022 DORZOLAMIDA 20 MG/ML SOLUCAO OFTALMICA (POR FRASCO DE 5 ML),9,9,130260,2020-06,M
"0604670010 BRIMONIDINA 2,0 MG/ML SOLUCAO OFTALMICA (POR FRASCO DE 5 ML)",9,9,130260,2020-06,M
0604690010 TOCILIZUMABE 20 MG/ML INJETAVEL (POR FRASCO-AMPOLA DE 4 ML),41,41,130260,2020-06,M
0604690029 SECUQUINUMABE 150 MG/ML SOLUCAO INJETAVEL (POR SERINGA PREENCHIDA),40,40,130260,2020-06,M
"0604710011 CLOBETASOL 0,5 MG/G CREME (POR BISNAGA DE 30 G)",30,30,130260,2020-06,M
"0604740018 TIMOLOL 5,0 MG/ML SOLUCAO OFTALMICA (POR FRASCO DE 5 ML)",10,10,130260,2020-06,M
0604750048 BOSENTANA 125MG (POR COMRIMIDO REVESTIDO),122,122,130260,2020-06,M
0604760019 SOFOSBUVIR 400 MG (POR COMPRIMIDO REVESTIDO),28,28,130260,2020-06,M
0604760027 DACLATASVIR 60 MG (POR COMPRIMIDO REVESTIDO),28,28,130260,2020-06,M
0604780010 INSULINA ANALOGA DE ACAO RAPIDA 100 UI/ML (TUBETES DE 3ML),238,238,130260,2020-06,M
0701010010 ANDADOR FIXO / ARTICULADO EM ALUMINIO COM QUATRO PONTEIRAS,1,1,130260,2020-06,M
0701010029 CADEIRA DE RODAS ADULTO / INFANTIL (TIPO PADRAO),3,3,130260,2020-06,M
0701010037 CADEIRA DE RODAS PARA BANHO COM ASSENTO SANITARIO,5,5,130260,2020-06,M
0701010045 CADEIRA DE RODAS PARA TETRAPLEGICO - TIPO PADRAO,1,1,130260,2020-06,M
0701010053 CALCADOS ANATOMICOS COM PALMILHAS PARA PES NEUROPATICOS (PAR),1,1,130260,2020-06,M
0701010134 MULETA AXILAR TUBULAR EM ALUMINIO REGULAVEL NA ALTURA (PAR),1,1,130260,2020-06,M
0701020067 ORTESE CRUROMALEOLAR INFANTIL EM POLIPROPILENO PARA IMOBILIZACAO DE JOELHO EM EXTENSAO ARTICULADA,1,1,130260,2020-06,M
0701020237 ORTESE SUROPODALICA SEM ARTICULACAO EM POLIPROPILENO (INFANTIL),13,13,130260,2020-06,M
0701020407 PROTESE EXOESQUELETICA TRANSFEMURAL,1,1,130260,2020-06,M
0701030127 APARELHO DE AMPLIFICACAO SONORA INDIVIDUAL (AASI) EXTERNO RETRO-AURICULAR TIPO A,4,4,130260,2020-06,M
0701030135 APARELHO DE AMPLIFICACAO SONORA INDIVIDUAL (AASI) EXTERNO RETRO-AURICULAR TIPO B,6,6,130260,2020-06,M
0701030143 APARELHO DE AMPLIFICACAO SONORA INDIVIDUAL (AASI) EXTERNO RETRO-AURICULAR TIPO C,92,92,130260,2020-06,M
0701030151 MOLDE AURICULAR (REPOSICAO),9,9,130260,2020-06,M
0701030275 REPOSICAO DE AASI EXTERNO RETROAURICULAR TIPO A,1,1,130260,2020-06,M
0701030291 REPOSICAO DE AASI EXTERNO RETROAURICULAR TIPO C,16,16,130260,2020-06,M
0701050020 BOLSA DE COLOSTOMIA COM ADESIVO MICROPORO DRENAVEL,4348,4348,130260,2020-06,M
0701050047 CONJUNTO DE PLACA E BOLSA PARA OSTOMA INTESTINAL,705,705,130260,2020-06,M
0701060018 BARREIRAS PROTETORAS DE PELE SINTETICA E/OU MISTA EM FORMA DE PO / PASTA E/OU PLACA,263,263,130260,2020-06,M
0701060026 BOLSA COLETORA P/ UROSTOMIZADOS,122,122,130260,2020-06,M
0701060042 CONJUNTO DE PLACA E BOLSA PARA UROSTOMIZADOS,73,73,130260,2020-06,M
0701070099 PROTESE PARCIAL MANDIBULAR REMOVIVEL,25,25,130260,2020-06,M
0701070102 PROTESE PARCIAL MAXILAR REMOVIVEL,20,20,130260,2020-06,M
0701070129 PROTESE TOTAL MANDIBULAR,16,16,130260,2020-06,M
0701070137 PROTESE TOTAL MAXILAR,29,29,130260,2020-06,M
0702100013 CATETER DE LONGA PERMANENCIA P/ HEMODIALISE,3,3,130260,2020-06,M
0702100021 CATETER P/ SUBCLAVIA DUPLO LUMEN P/ HEMODIALISE,86,86,130260,2020-06,M
0702100048 CONJTROCA P/DPA (PACIENTE-MES C/ INSTALACAO DOMICILIAR E MANUTENCAO DA MAQUINA CICLADORA),8,8,130260,2020-06,M
0702100064 CONJUNTO DE TROCA PARA PACIENTE SUBMETIDO A DPAC (PACIENTE-MES) CORRESPONDENTE A 120 UNIDADES,5,5,130260,2020-06,M
0702100099 DILATADOR P/ IMPLANTE DE CATETER DUPLO LUMEN,86,86,130260,2020-06,M
0702100102 GUIA METALICO P/ INTRODUCAO DE CATETER DUPLO LUMEN,86,86,130260,2020-06,M
0803010010 AJUDA DE CUSTO P/ ALIMENTACAO/PERNOITE DE PACIENTE,1660,1660,130260,2020-06,M
0803010044 AJUDA DE CUSTO PARA ALIMENTACAO/PERNOITE DE ACOMPANHANTE,909,909,130260,2020-06,M
0803010079 UNIDADE DE REMUNERACAO PARA DESLOCAMENTO DE ACOMPANHANTE POR TRANSPORTE AEREO (CADA 200 MILHAS),107,107,130260,2020-06,M
0803010087 UNIDADE DE REMUNERACAO PARA DESLOCAMENTO DE PACIENTE POR TRANSPORTE AEREO (CADA 200 MILHAS),271,271,130260,2020-06,M
0803010095 UNIDADE DE REMUNERACAO PARA DESLOCAMENTO DE ACOMPANHANTE POR TRANSPORTE FLUVIAL (CADA 27 MILHAS NA,334,334,130260,2020-06,M
0803010117 UNIDADE DE REMUNERACAO PARA DESLOCAMENTO DE PACIENTE POR TRANSPORTE FLUVIAL (CADA 27 MILHAS NAUTIC,640,640,130260,2020-06,M
