procedimento,2021,total,municipio_ibge,competencia,sexo
0101020074 APLICACAO TOPICA DE FLUOR (INDIVIDUAL POR SESSAO),11,11,130260,2021-07,F
0101020082 EVIDENCIACAO DE PLACA BACTERIANA,16,16,130260,2021-07,F
0101020090 SELAMENTO PROVISORIO DE CAVIDADE DENTARIA,53,53,130260,2021-07,F
0101040024 AVALIACAO ANTROPOMETRICA,4,4,130260,2021-07,F
0201010020 BIOPSIA / PUNCAO DE TUMOR SUPERFICIAL DA PELE,44,44,130260,2021-07,F
0201010046 BIOPSIA DE ANUS E CANAL ANAL,2,2,130260,2021-07,F
0201010216 BIOPSIA DE FIGADO POR PUNCAO,1,1,130260,2021-07,F
0201010232 BIOPSIA DE GLANDULA SALIVAR,5,5,130260,2021-07,F
"0201010240 BIOPSIA DE IRIS, CORPO CILIAR, RETINA, COROIDE, VITREO E TUMOR INTRA OCULAR",1,1,130260,2021-07,F
0201010275 BIOPSIA DE MEDULA OSSEA,12,12,130260,2021-07,F
0201010321 BIOPSIA DE OSSO / CARTILAGEM DE MEMBRO INFERIOR (POR AGULHA / CEU ABERTO),2,2,130260,2021-07,F
0201010330 BIOPSIA DE OSSO / CARTILAGEM DE MEMBRO SUPERIOR (POR AGULHA / CEU ABERTO),1,1,130260,2021-07,F
0201010372 BIOPSIA DE PELE E PARTES MOLES,153,153,130260,2021-07,F
0201010402 BIOPSIA DE PLEURA (POR ASPIRACAO/AGULHA / PLEUROSCOPIA),2,2,130260,2021-07,F
0201010470 BIOPSIA DE TIREOIDE OU PARATIREOIDE - PAAF,45,45,130260,2021-07,F
0201010518 BIOPSIA/PUNCAO DE VULVA,3,3,130260,2021-07,F
0201010526 BIOPSIA DOS TECIDOS MOLES DA BOCA,10,10,130260,2021-07,F
0201010542 BIOPSIA PERCUTANEA ORIENTADA POR TOMOGRAFIA COMPUTADORIZADA / ULTRASSONOGRAFIA / RESSONANCIA MAGNE,2,2,130260,2021-07,F
0201010569 BIOPSIA/EXERESE DE NODULO DE MAMA,9,9,130260,2021-07,F
0201010585 PUNCAO ASPIRATIVA DE MAMA POR AGULHA FINA,8,8,130260,2021-07,F
0201010607 PUNCAO DE MAMA POR AGULHA GROSSA,63,63,130260,2021-07,F
0201010631 PUNCAO LOMBAR,5,5,130260,2021-07,F
0201010666 BIOPSIA DO COLO UTERINO,66,66,130260,2021-07,F
0201020017 COLETA DE LAVADO BRONCO-ALVEOLAR,2,2,130260,2021-07,F
0201020033 COLETA DE MATERIAL DO COLO DE UTERO PARA EXAME CITOPATOLOGICO,169,169,130260,2021-07,F
0201020041 COLETA DE MATERIAL PARA EXAME LABORATORIAL,2730,2730,130260,2021-07,F
0202010015 CLEARANCE OSMOLAR,2,2,130260,2021-07,F
0202010023 DETERMINACAO DE CAPACIDADE DE FIXACAO DO FERRO,110,110,130260,2021-07,F
0202010031 DETERMINACAO DE CROMATOGRAFIA DE AMINOACIDOS,6,6,130260,2021-07,F
0202010040 DETERMINACAO DE CURVA GLICEMICA (2 DOSAGENS),189,189,130260,2021-07,F
0202010058 DETERMINACAO DE CURVA GLICEMICA C/ INDUCAO POR CORTISONA ( 5 DOSAGENS),1,1,130260,2021-07,F
0202010066 DETERMINACAO DE CURVA GLICEMICA C/ INDUCAO POR CORTISONA (4 DOSAGENS),1,1,130260,2021-07,F
0202010074 DETERMINACAO DE CURVA GLICEMICA CLASSICA (5 DOSAGENS),15,15,130260,2021-07,F
0202010090 DOSAGEM DE 5-NUCLEOTIDASE,1,1,130260,2021-07,F
0202010112 DOSAGEM DE ACIDO ASCORBICO,72,72,130260,2021-07,F
0202010120 DOSAGEM DE ACIDO URICO,2998,2998,130260,2021-07,F
0202010147 DOSAGEM DE ALDOLASE,24,24,130260,2021-07,F
0202010155 DOSAGEM DE ALFA-1-ANTITRIPSINA,3,3,130260,2021-07,F
0202010163 DOSAGEM DE ALFA-1-GLICOPROTEINA ACIDA,6,6,130260,2021-07,F
0202010180 DOSAGEM DE AMILASE,355,355,130260,2021-07,F
0202010201 DOSAGEM DE BILIRRUBINA TOTAL E FRACOES,1243,1243,130260,2021-07,F
0202010210 DOSAGEM DE CALCIO,1687,1687,130260,2021-07,F
0202010228 DOSAGEM DE CALCIO IONIZAVEL,364,364,130260,2021-07,F
0202010252 DOSAGEM DE CERULOPLASMINA,3,3,130260,2021-07,F
0202010260 DOSAGEM DE CLORETO,392,392,130260,2021-07,F
0202010279 DOSAGEM DE COLESTEROL HDL,7870,7870,130260,2021-07,F
0202010287 DOSAGEM DE COLESTEROL LDL,6366,6366,130260,2021-07,F
0202010295 DOSAGEM DE COLESTEROL TOTAL,10539,10539,130260,2021-07,F
0202010317 DOSAGEM DE CREATININA,7613,7613,130260,2021-07,F
0202010325 DOSAGEM DE CREATINOFOSFOQUINASE (CPK),406,406,130260,2021-07,F
0202010333 DOSAGEM DE CREATINOFOSFOQUINASE FRACAO MB,137,137,130260,2021-07,F
0202010350 DOSAGEM DE DESIDROGENASE GLUTAMICA,1,1,130260,2021-07,F
0202010368 DOSAGEM DE DESIDROGENASE LATICA,284,284,130260,2021-07,F
0202010384 DOSAGEM DE FERRITINA,1298,1298,130260,2021-07,F
0202010392 DOSAGEM DE FERRO SERICO,971,971,130260,2021-07,F
0202010406 DOSAGEM DE FOLATO,262,262,130260,2021-07,F
0202010414 DOSAGEM DE FOSFATASE ACIDA TOTAL,2,2,130260,2021-07,F
0202010422 DOSAGEM DE FOSFATASE ALCALINA,1684,1684,130260,2021-07,F
0202010430 DOSAGEM DE FOSFORO,925,925,130260,2021-07,F
0202010465 DOSAGEM DE GAMA-GLUTAMIL-TRANSFERASE (GAMA GT),1738,1738,130260,2021-07,F
0202010473 DOSAGEM DE GLICOSE,9755,9755,130260,2021-07,F
0202010481 DOSAGEM DE GLICOSE-6-FOSFATO DESIDROGENASE,5,5,130260,2021-07,F
0202010490 DOSAGEM DE HAPTOGLOBINA,1,1,130260,2021-07,F
0202010503 DOSAGEM DE HEMOGLOBINA GLICOSILADA,3890,3890,130260,2021-07,F
0202010538 DOSAGEM DE LACTATO,24,24,130260,2021-07,F
0202010554 DOSAGEM DE LIPASE,215,215,130260,2021-07,F
0202010562 DOSAGEM DE MAGNESIO,957,957,130260,2021-07,F
0202010570 DOSAGEM DE MUCO-PROTEINAS,52,52,130260,2021-07,F
0202010600 DOSAGEM DE POTASSIO,2955,2955,130260,2021-07,F
0202010619 DOSAGEM DE PROTEINAS TOTAIS,31,31,130260,2021-07,F
0202010627 DOSAGEM DE PROTEINAS TOTAIS E FRACOES,441,441,130260,2021-07,F
0202010635 DOSAGEM DE SODIO,3627,3627,130260,2021-07,F
0202010643 DOSAGEM DE TRANSAMINASE GLUTAMICO-OXALACETICA (TGO),5651,5651,130260,2021-07,F
0202010651 DOSAGEM DE TRANSAMINASE GLUTAMICO-PIRUVICA (TGP),6176,6176,130260,2021-07,F
0202010660 DOSAGEM DE TRANSFERRINA,356,356,130260,2021-07,F
0202010678 DOSAGEM DE TRIGLICERIDEOS,7555,7555,130260,2021-07,F
0202010686 DOSAGEM DE TRIPTOFANO,6,6,130260,2021-07,F
0202010694 DOSAGEM DE UREIA,7392,7392,130260,2021-07,F
0202010708 DOSAGEM DE VITAMINA B12,1451,1451,130260,2021-07,F
0202010716 ELETROFORESE DE LIPOPROTEINAS,2,2,130260,2021-07,F
0202010724 ELETROFORESE DE PROTEINAS,37,37,130260,2021-07,F
0202010732 GASOMETRIA (PH PCO2 PO2 BICARBONATO AS2 (EXCESSO OU DEFICIT BASE ),174,174,130260,2021-07,F
0202010740 PROVA DA D-XILOSE,1,1,130260,2021-07,F
0202010759 TESTE DE TOLERANCIA A INSULINA / HIPOGLICEMIANTES ORAIS,16,16,130260,2021-07,F
0202010767 DOSAGEM DE 25 HIDROXIVITAMINA D,3191,3191,130260,2021-07,F
0202020029 CONTAGEM DE PLAQUETAS,426,426,130260,2021-07,F
0202020037 CONTAGEM DE RETICULOCITOS,29,29,130260,2021-07,F
0202020061 DETERMINACAO DE SULFO-HEMOGLOBINA,1,1,130260,2021-07,F
0202020070 DETERMINACAO DE TEMPO DE COAGULACAO,677,677,130260,2021-07,F
0202020096 DETERMINACAO DE TEMPO DE SANGRAMENTO -DUKE,626,626,130260,2021-07,F
0202020100 DETERMINACAO DE TEMPO DE SANGRAMENTO DE IVY,31,31,130260,2021-07,F
0202020126 DETERMINACAO DE TEMPO DE TROMBINA,56,56,130260,2021-07,F
0202020134 DETERMINACAO DE TEMPO DE TROMBOPLASTINA PARCIAL ATIVADA (TTP ATIVADA),363,363,130260,2021-07,F
0202020142 DETERMINACAO DE TEMPO E ATIVIDADE DA PROTROMBINA (TAP),612,612,130260,2021-07,F
0202020150 DETERMINACAO DE VELOCIDADE DE HEMOSSEDIMENTACAO (VHS),1187,1187,130260,2021-07,F
0202020169 DOSAGEM DE ANTICOAGULANTE CIRCULANTE,9,9,130260,2021-07,F
0202020177 DOSAGEM DE ANTITROMBINA III,1,1,130260,2021-07,F
0202020185 DOSAGEM DE FATOR II,1,1,130260,2021-07,F
0202020240 DOSAGEM DE FATOR VON WILLEBRAND (ANTIGENO),1,1,130260,2021-07,F
0202020290 DOSAGEM DE FIBRINOGENIO,34,34,130260,2021-07,F
0202020304 DOSAGEM DE HEMOGLOBINA,12,12,130260,2021-07,F
0202020355 ELETROFORESE DE HEMOGLOBINA,197,197,130260,2021-07,F
"0202020363 ERITROGRAMA (ERITROCITOS, HEMOGLOBINA, HEMATOCRITO)",477,477,130260,2021-07,F
0202020371 HEMATOCRITO,117,117,130260,2021-07,F
0202020380 HEMOGRAMA COMPLETO,13319,13319,130260,2021-07,F
0202020398 LEUCOGRAMA,485,485,130260,2021-07,F
0202020452 PESQUISA DE PLASMODIO,13,13,130260,2021-07,F
0202020487 PROVA DE CONSUMO DE PROTROMBINA,3,3,130260,2021-07,F
0202020495 PROVA DE RETRACAO DO COAGULO,562,562,130260,2021-07,F
0202020509 PROVA DO LACO,556,556,130260,2021-07,F
0202020525 TESTE DE AGREGACAO DE PLAQUETAS,4,4,130260,2021-07,F
0202020541 TESTE DIRETO DE ANTIGLOBULINA HUMANA (TAD),21,21,130260,2021-07,F
0202020576 PESQUISA DE ANTICOAGULANTE LUPICO,3,3,130260,2021-07,F
0202030024 CONTAGEM DE LINFOCITOS CD4/CD8,292,292,130260,2021-07,F
0202030040 DETECCAO DE ACIDOS NUCLEICOS DO HIV-1 (QUALITATIVO),8,8,130260,2021-07,F
0202030067 DETERMINACAO DE COMPLEMENTO (CH50),7,7,130260,2021-07,F
0202030075 DETERMINACAO DE FATOR REUMATOIDE,740,740,130260,2021-07,F
0202030083 DETERMINACAO QUANTITATIVA DE PROTEINA C REATIVA,848,848,130260,2021-07,F
0202030091 DOSAGEM DE ALFA-FETOPROTEINA,29,29,130260,2021-07,F
0202030113 DOSAGEM DE BETA-2-MICROGLOBULINA,6,6,130260,2021-07,F
0202030121 DOSAGEM DE COMPLEMENTO C3,114,114,130260,2021-07,F
0202030130 DOSAGEM DE COMPLEMENTO C4,115,115,130260,2021-07,F
0202030156 DOSAGEM DE IMUNOGLOBULINA A (IGA),3,3,130260,2021-07,F
0202030164 DOSAGEM DE IMUNOGLOBULINA E (IGE),39,39,130260,2021-07,F
0202030180 DOSAGEM DE IMUNOGLOBULINA M (IGM),4,4,130260,2021-07,F
0202030199 DOSAGEM DE INIBIDOR DE C1-ESTERASE,1,1,130260,2021-07,F
0202030202 DOSAGEM DE PROTEINA C REATIVA,2523,2523,130260,2021-07,F
0202030237 IMUNOFENOTIPAGEM DE HEMOPATIAS MALIGNAS (POR MARCADOR),120,120,130260,2021-07,F
0202030245 INTRADERMORREACAO COM DERIVADO PROTEICO PURIFICADO (PPD),16,16,130260,2021-07,F
0202030253 PESQUISA DE ANTICORPO IGG ANTICARDIOLIPINA,31,31,130260,2021-07,F
0202030261 PESQUISA DE ANTICORPO IGM ANTICARDIOLIPINA,20,20,130260,2021-07,F
0202030270 PESQUISA DE ANTICORPOS ANTI-DNA,82,82,130260,2021-07,F
0202030288 PESQUISA DE ANTICORPOS ANTI-HELICOBACTER PYLORI,36,36,130260,2021-07,F
0202030296 PESQUISA DE ANTICORPOS ANTI-HIV-1 (WESTERN BLOT),6,6,130260,2021-07,F
0202030300 PESQUISA DE ANTICORPOS ANTI-HIV-1 + HIV-2 (ELISA),3404,3404,130260,2021-07,F
0202030318 PESQUISA DE ANTICORPOS ANTI-HTLV-1 + HTLV-2,7,7,130260,2021-07,F
0202030326 PESQUISA DE ANTICORPOS ANTI-RIBONUCLEOPROTEINA (RNP),17,17,130260,2021-07,F
0202030342 PESQUISA DE ANTICORPOS ANTI-SM,30,30,130260,2021-07,F
0202030350 PESQUISA DE ANTICORPOS ANTI-SS-A (RO),58,58,130260,2021-07,F
0202030369 PESQUISA DE ANTICORPOS ANTI-SS-B (LA),54,54,130260,2021-07,F
0202030423 PESQUISA DE ANTICORPOS ANTICLAMIDIA (POR IMUNOFLUORESCENCIA),1,1,130260,2021-07,F
0202030458 PESQUISA DE ANTICORPOS ANTIESCLERODERMA (SCL 70),2,2,130260,2021-07,F
0202030474 PESQUISA DE ANTICORPOS ANTIESTREPTOLISINA O (ASLO),546,546,130260,2021-07,F
0202030555 PESQUISA DE ANTICORPOS ANTIMICROSSOMAS,194,194,130260,2021-07,F
0202030563 PESQUISA DE ANTICORPOS ANTIMITOCONDRIA,6,6,130260,2021-07,F
0202030580 PESQUISA DE ANTICORPOS ANTIMUSCULO LISO,4,4,130260,2021-07,F
0202030598 PESQUISA DE ANTICORPOS ANTINUCLEO,528,528,130260,2021-07,F
0202030610 PESQUISA DE ANTICORPOS ANTIPLASMODIOS,4,4,130260,2021-07,F
0202030628 PESQUISA DE ANTICORPOS ANTITIREOGLOBULINA,60,60,130260,2021-07,F
0202030636 PESQUISA DE ANTICORPOS CONTRA ANTIGENO DE SUPERFICIE DO VIRUS DA HEPATITE B (ANTI-HBS),484,484,130260,2021-07,F
0202030644 PESQUISA DE ANTICORPOS CONTRA ANTIGENO E DO VIRUS DA HEPATITE B (ANTI-HBE),50,50,130260,2021-07,F
0202030679 PESQUISA DE ANTICORPOS CONTRA O VIRUS DA HEPATITE C (ANTI-HCV),1817,1817,130260,2021-07,F
0202030687 PESQUISA DE ANTICORPOS CONTRA O VIRUS DA HEPATITE D (ANTI-HDV),13,13,130260,2021-07,F
0202030695 PESQUISA DE ANTICORPOS CONTRA O VIRUS DO SARAMPO,14,14,130260,2021-07,F
0202030725 PESQUISA DE ANTICORPOS EIE ANTICLAMIDIA,1,1,130260,2021-07,F
0202030733 PESQUISA DE ANTICORPOS HETEROFILOS CONTA O VIRUS EPSTEIN-BARR,1,1,130260,2021-07,F
0202030741 PESQUISA DE ANTICORPOS IGG ANTICITOMEGALOVIRUS,234,234,130260,2021-07,F
0202030768 PESQUISA DE ANTICORPOS IGG ANTITOXOPLASMA,399,399,130260,2021-07,F
0202030784 PESQUISA DE ANTICORPOS IGG E IGM CONTRA ANTIGENO CENTRAL DO VIRUS DA HEPATITE B (ANTI-HBC-TOTAL),152,152,130260,2021-07,F
0202030792 PESQUISA DE ANTICORPOS IGG CONTRA ARBOVIRUS,3,3,130260,2021-07,F
0202030806 PESQUISA DE ANTICORPOS IGG CONTRA O VIRUS DA HEPATITE A (HAV-IGG),45,45,130260,2021-07,F
0202030814 PESQUISA DE ANTICORPOS IGG CONTRA O VIRUS DA RUBEOLA,173,173,130260,2021-07,F
0202030822 PESQUISA DE ANTICORPOS IGG CONTRA O VIRUS DA VARICELA-HERPES ZOSTER,6,6,130260,2021-07,F
0202030830 PESQUISA DE ANTICORPOS IGG CONTRA O VIRUS EPSTEIN-BARR,9,9,130260,2021-07,F
0202030849 PESQUISA DE ANTICORPOS IGG CONTRA O VIRUS HERPES SIMPLES,42,42,130260,2021-07,F
0202030857 PESQUISA DE ANTICORPOS IGM ANTICITOMEGALOVIRUS,148,148,130260,2021-07,F
0202030873 PESQUISA DE ANTICORPOS IGM ANTITOXOPLASMA,521,521,130260,2021-07,F
0202030890 PESQUISA DE ANTICORPOS IGM CONTRA ANTIGENO CENTRAL DO VIRUS DA HEPATITE B (ANTI-HBC-IGM),153,153,130260,2021-07,F
0202030903 PESQUISA DE ANTICORPOS IGM CONTRA ARBOVIRUS,79,79,130260,2021-07,F
0202030911 PESQUISA DE ANTICORPOS IGM CONTRA O VIRUS DA HEPATITE A (HAV-IGG),34,34,130260,2021-07,F
0202030920 PESQUISA DE ANTICORPOS IGM CONTRA O VIRUS DA RUBEOLA,176,176,130260,2021-07,F
0202030938 PESQUISA DE ANTICORPOS IGM CONTRA O VIRUS DA VARICELA-HERPES ZOSTER,4,4,130260,2021-07,F
0202030946 PESQUISA DE ANTICORPOS IGM CONTRA O VIRUS EPSTEIN-BARR,9,9,130260,2021-07,F
0202030954 PESQUISA DE ANTICORPOS IGM CONTRA O VIRUS HERPES SIMPLES,34,34,130260,2021-07,F
0202030962 PESQUISA DE ANTIGENO CARCINOEMBRIONARIO (CEA),67,67,130260,2021-07,F
0202030970 PESQUISA DE ANTIGENO DE SUPERFICIE DO VIRUS DA HEPATITE B (HBSAG),1143,1143,130260,2021-07,F
0202030989 PESQUISA DE ANTIGENO E DO VIRUS DA HEPATITE B (HBEAG),63,63,130260,2021-07,F
0202030997 DETECCAO DE CLAMIDIA E GONOCOCO POR BIOLOGIA MOLECULAR,1,1,130260,2021-07,F
0202031004 PESQUISA DE CRIOGLOBULINAS,2,2,130260,2021-07,F
0202031012 PESQUISA DE FATOR REUMATOIDE (WAALER-ROSE),261,261,130260,2021-07,F
0202031020 PESQUISA DE HIV-1 POR IMUNOFLUORESCENCIA,291,291,130260,2021-07,F
0202031039 PESQUISA DE IMUNOGLOBULINA E (IGE) ALERGENO-ESPECIFICA,128,128,130260,2021-07,F
0202031071 QUANTIFICACAO DE RNA DO HIV-1,551,551,130260,2021-07,F
0202031080 QUANTIFICACAO DE RNA DO VIRUS DA HEPATITE C,3,3,130260,2021-07,F
0202031098 TESTE TREPONEMICO P/ DETECCAO DE SIFILIS,59,59,130260,2021-07,F
0202031110 TESTE NAO TREPONEMICO P/ DETECCAO DE SIFILIS,2291,2291,130260,2021-07,F
0202031128 TESTE FTA-ABS IGG P/ DIAGNOSTICO DA SIFILIS,71,71,130260,2021-07,F
0202031136 TESTE FTA-ABS IGM P/ DIAGNOSTICO DA SIFILIS,69,69,130260,2021-07,F
0202031179 TESTE NAO TREPONEMICO P/ DETECCAO DE SIFILIS EM GESTANTES,4573,4573,130260,2021-07,F
0202031187 DOSAGEM DE ANTICORPOS ANTITRANSGLUTAMINAISE RECOMBINANTE HUMANO IGA,7,7,130260,2021-07,F
0202031195 DOSAGEM DA FRACAO C1Q DO COMPLEMENTO,1,1,130260,2021-07,F
0202031209 DOSAGEM DE TROPONINA,249,249,130260,2021-07,F
0202031217 DOSAGEM DO ANTIGENO CA 125,64,64,130260,2021-07,F
0202031268 PESQUISA DE ANTICORPOS ANTICORPOS ANTI-HTLV-1 (WESTERN-BLOT),2,2,130260,2021-07,F
0202040038 EXAME COPROLOGICO FUNCIONAL,189,189,130260,2021-07,F
0202040046 IDENTIFICACAO DE FRAGMENTOS DE HELMINTOS,1,1,130260,2021-07,F
0202040054 PESQUISA DE ENTEROBIUS VERMICULARES (OXIURUS OXIURA),9,9,130260,2021-07,F
0202040089 PESQUISA DE LARVAS NAS FEZES,576,576,130260,2021-07,F
0202040097 PESQUISA DE LEUCOCITOS NAS FEZES,1,1,130260,2021-07,F
0202040100 PESQUISA DE LEVEDURAS NAS FEZES,11,11,130260,2021-07,F
0202040119 PESQUISA DE OVOS DE SCHISTOSOMAS (EM FRAGMENTO DE MUCOSA),16,16,130260,2021-07,F
0202040127 PESQUISA DE OVOS E CISTOS DE PARASITAS,4183,4183,130260,2021-07,F
0202040135 PESQUISA DE ROTAVIRUS NAS FEZES,417,417,130260,2021-07,F
0202040143 PESQUISA DE SANGUE OCULTO NAS FEZES,172,172,130260,2021-07,F
0202040178 PESQUISA DE TROFOZOITAS NAS FEZES,13,13,130260,2021-07,F
"0202050017 ANALISE DE CARACTERES FISICOS, ELEMENTOS E SEDIMENTO DA URINA",9810,9810,130260,2021-07,F
0202050025 CLEARANCE DE CREATININA,52,52,130260,2021-07,F
0202050033 CLEARANCE DE FOSFATO,1,1,130260,2021-07,F
0202050041 CLEARANCE DE UREIA,7,7,130260,2021-07,F
0202050076 IDENTIFICACAO DE GLICIDIOS URINARIOS POR CROMATOGRAFIA (CAMADA DELGADA),1,1,130260,2021-07,F
0202050084 DOSAGEM DE CITRATO,14,14,130260,2021-07,F
0202050092 DOSAGEM DE MICROALBUMINA NA URINA,207,207,130260,2021-07,F
0202050106 DOSAGEM DE OXALATO,13,13,130260,2021-07,F
0202050114 DOSAGEM DE PROTEINAS (URINA DE 24 HORAS),163,163,130260,2021-07,F
0202050130 EXAME QUALITATIVO DE CALCULOS URINARIOS,342,342,130260,2021-07,F
0202050149 PESQUISA / DOSAGEM DE AMINOACIDOS (POR CROMATOGRAFIA),3,3,130260,2021-07,F
0202050190 PESQUISA DE CISTINA NA URINA,5,5,130260,2021-07,F
0202050211 PESQUISA DE ERROS INATOS DO METABOLISMO NA URINA,1,1,130260,2021-07,F
0202050254 PESQUISA DE GONADOTROFINA CORIONICA,70,70,130260,2021-07,F
0202050262 PESQUISA DE HOMOCISTINA NA URINA,10,10,130260,2021-07,F
0202050297 PESQUISA DE PORFOBILINOGENIO NA URINA,2,2,130260,2021-07,F
0202050300 PESQUISA DE PROTEINAS URINARIAS (POR ELETROFORESE),4,4,130260,2021-07,F
0202050327 PROVA DE DILUICAO (URINA),2,2,130260,2021-07,F
0202060020 DETERMINACAO DE RETENCAO DE T3,26,26,130260,2021-07,F
0202060039 DETERMINACAO DE T3 REVERSO,4,4,130260,2021-07,F
0202060047 DOSAGEM DE 17-ALFA-HIDROXIPROGESTERONA,34,34,130260,2021-07,F
0202060063 DOSAGEM DE 17-HIDROXICORTICOSTEROIDES,3,3,130260,2021-07,F
0202060071 DOSAGEM DE ACIDO 5-HIDROXI-INDOL-ACETICO (SEROTONINA),1,1,130260,2021-07,F
0202060080 DOSAGEM DE ADRENOCORTICOTROFICO (ACTH),21,21,130260,2021-07,F
0202060098 DOSAGEM DE ALDOSTERONA,3,3,130260,2021-07,F
0202060110 DOSAGEM DE ANDROSTENEDIONA,13,13,130260,2021-07,F
0202060128 DOSAGEM DE CALCITONINA,8,8,130260,2021-07,F
0202060136 DOSAGEM DE CORTISOL,111,111,130260,2021-07,F
0202060144 DOSAGEM DE DEHIDROEPIANDROSTERONA (DHEA),27,27,130260,2021-07,F
0202060152 DOSAGEM DE DIHIDROTESTOTERONA (DHT),6,6,130260,2021-07,F
0202060160 DOSAGEM DE ESTRADIOL,660,660,130260,2021-07,F
0202060179 DOSAGEM DE ESTRIOL,83,83,130260,2021-07,F
0202060187 DOSAGEM DE ESTRONA,269,269,130260,2021-07,F
"0202060217 DOSAGEM DE GONADOTROFINA CORIONICA HUMANA (HCG, BETA HCG)",495,495,130260,2021-07,F
0202060225 DOSAGEM DE HORMONIO DE CRESCIMENTO (HGH),16,16,130260,2021-07,F
0202060233 DOSAGEM DE HORMONIO FOLICULO-ESTIMULANTE (FSH),1448,1448,130260,2021-07,F
0202060241 DOSAGEM DE HORMONIO LUTEINIZANTE (LH),1119,1119,130260,2021-07,F
0202060250 DOSAGEM DE HORMONIO TIREOESTIMULANTE (TSH),5248,5248,130260,2021-07,F
0202060268 DOSAGEM DE INSULINA,448,448,130260,2021-07,F
0202060276 DOSAGEM DE PARATORMONIO,347,347,130260,2021-07,F
0202060284 DOSAGEM DE PEPTIDEO C,35,35,130260,2021-07,F
0202060292 DOSAGEM DE PROGESTERONA,536,536,130260,2021-07,F
0202060306 DOSAGEM DE PROLACTINA,572,572,130260,2021-07,F
0202060314 DOSAGEM DE RENINA,1,1,130260,2021-07,F
0202060322 DOSAGEM DE SOMATOMEDINA C (IGF1),43,43,130260,2021-07,F
0202060330 DOSAGEM DE SULFATO DE HIDROEPIANDROSTERONA (DHEAS),12,12,130260,2021-07,F
0202060349 DOSAGEM DE TESTOSTERONA,284,284,130260,2021-07,F
0202060357 DOSAGEM DE TESTOSTERONA LIVRE,362,362,130260,2021-07,F
0202060365 DOSAGEM DE TIREOGLOBULINA,31,31,130260,2021-07,F
0202060373 DOSAGEM DE TIROXINA (T4),1217,1217,130260,2021-07,F
0202060381 DOSAGEM DE TIROXINA LIVRE (T4 LIVRE),4558,4558,130260,2021-07,F
0202060390 DOSAGEM DE TRIIODOTIRONINA (T3),1950,1950,130260,2021-07,F
0202060403 TESTE DE ESTIMULO DA PROLACTINA / TSH APOS TRH,7,7,130260,2021-07,F
0202060411 TESTE DE ESTIMULO DA PROLACTINA APOS CLORPROMAZINA,1,1,130260,2021-07,F
0202060420 TESTE DE ESTIMULO COM GNRH OU COM AGONISTA GNRH,1,1,130260,2021-07,F
0202060454 TESTE DE SUPRESSAO DO HGH APOS GLICOSE,1,1,130260,2021-07,F
0202060470 PESQUISA DE MACROPROLACTINA,7,7,130260,2021-07,F
0202070042 DOSAGEM DE ACIDO METIL-HIPURICO,1,1,130260,2021-07,F
0202070050 DOSAGEM DE ACIDO VALPROICO,4,4,130260,2021-07,F
0202070085 DOSAGEM DE ALUMINIO,72,72,130260,2021-07,F
0202070158 DOSAGEM DE CARBAMAZEPINA,1,1,130260,2021-07,F
0202070166 DOSAGEM DE CARBOXI-HEMOGLOBINA,1,1,130260,2021-07,F
0202070190 DOSAGEM DE COBRE,5,5,130260,2021-07,F
0202070255 DOSAGEM DE LITIO,16,16,130260,2021-07,F
0202070298 DOSAGEM DE METOTREXATO,1,1,130260,2021-07,F
0202070352 DOSAGEM DE ZINCO,302,302,130260,2021-07,F
0202080013 ANTIBIOGRAMA,912,912,130260,2021-07,F
0202080021 ANTIBIOGRAMA C/ CONCENTRACAO INIBITORIA MINIMA,2,2,130260,2021-07,F
0202080030 ANTIBIOGRAMA P/ MICOBACTERIAS,9,9,130260,2021-07,F
0202080048 BACILOSCOPIA DIRETA P/ BAAR TUBERCULOSE (DIAGNOSTICA),17,17,130260,2021-07,F
0202080056 BACILOSCOPIA DIRETA P/ BAAR (HANSENIASE),1,1,130260,2021-07,F
0202080064 BACILOSCOPIA DIRETA P/ BAAR TUBERCULOS (CONTROLE),18,18,130260,2021-07,F
0202080072 BACTERIOSCOPIA (GRAM),147,147,130260,2021-07,F
0202080080 CULTURA DE BACTERIAS P/ IDENTIFICACAO,967,967,130260,2021-07,F
0202080110 CULTURA PARA BAAR,4,4,130260,2021-07,F
0202080129 CULTURA PARA BACTERIAS ANAEROBICAS,347,347,130260,2021-07,F
0202080137 CULTURA PARA IDENTIFICACAO DE FUNGOS,40,40,130260,2021-07,F
0202080145 EXAME MICROBIOLOGICO A FRESCO (DIRETO),55,55,130260,2021-07,F
0202080153 HEMOCULTURA,13,13,130260,2021-07,F
0202080218 PESQUISA DE HELICOBACTER PYLORI,17,17,130260,2021-07,F
0202090078 DETERMINACAO DE FOSFOLIPIDIOS RELACAO LECITINA - ESFINGOMIELINA NO LIQUIDO AMNIOTICO,1,1,130260,2021-07,F
0202090108 DOSAGEM DE FRUTOSE,2,2,130260,2021-07,F
0202090191 MIELOGRAMA,2,2,130260,2021-07,F
0202090272 PESQUISA DE RAGOCITOS NO LIQUIDO SINOVIAL E DERRAMES,1,1,130260,2021-07,F
"0202090299 PROVA DO LATEX P/ HAEMOPHILLUS INFLUENZAE, STREPTOCOCCUS PNEUMONIAE, NEISSERIA MENINGITIDIS (SOROTIP",1,1,130260,2021-07,F
0202090302 PROVA DO LATEX P/ PESQUISA DO FATOR REUMATOIDE,315,315,130260,2021-07,F
0202090345 TESTE DE GASTROACIDOGRAMA - SECRECAO BASAL POR 60 EM 4 AMOSTRAS,1,1,130260,2021-07,F
0202100022 DETERMINACAO DE CARIOTIPO EM MEDULA OSSEA E VILOSIDADES CORIONICAS (C/ TECNICA DE BANDAS),6,6,130260,2021-07,F
0202100030 DETERMINACAO DE CARIOTIPO EM SANGUE PERIFERICO (C/ TECNICA DE BANDAS),4,4,130260,2021-07,F
0202110141 DOSAGEM DE CLORETO NO SUOR,6,6,130260,2021-07,F
0202120023 DETERMINACAO DIRETA E REVERSA DE GRUPO ABO,876,876,130260,2021-07,F
0202120031 FENOTIPAGEM DE SISTEMA RH - HR,49,49,130260,2021-07,F
0202120082 PESQUISA DE FATOR RH (INCLUI D FRACO),646,646,130260,2021-07,F
0202120090 TESTE INDIRETO DE ANTIGLOBULINA HUMANA (TIA),28,28,130260,2021-07,F
0202120104 TITULACAO DE ANTICORPOS ANTI A E/OU ANTI B,1,1,130260,2021-07,F
0203010019 EXAME CITOPATOLOGICO CERVICO-VAGINAL/MICROFLORA,1034,1034,130260,2021-07,F
0203010035 EXAME DE CITOLOGIA (EXCETO CERVICO-VAGINAL E DE MAMA),73,73,130260,2021-07,F
0203010043 EXAME CITOPATOLOGICO DE MAMA,1,1,130260,2021-07,F
0203010078 CONTROLE DE QUALIDADE DO EXAME CITOPATOLOGICO CERVICO VAGINAL,3,3,130260,2021-07,F
0203010086 EXAME CITOPATOLOGICO CERVICO VAGINAL/MICROFLORA-RASTREAMENTO,5052,5052,130260,2021-07,F
0203020014 DETERMINACAO DE RECEPTORES TUMORAIS HORMONAIS,4,4,130260,2021-07,F
0203020022 EXAME ANATOMO-PATOLOGICO DO COLO UTERINO - PECA CIRURGICA,2,2,130260,2021-07,F
0203020030 EXAME ANATOMO-PATOLOGICO PARA CONGELAMENTO / PARAFINA POR PECA CIRURGICA OU POR BIOPSIA (EXCETO COL,776,776,130260,2021-07,F
0203020049 IMUNOHISTOQUIMICA DE NEOPLASIAS MALIGNAS (POR MARCADOR),22,22,130260,2021-07,F
0203020065 EXAME ANATOMOPATOLOGICO DE MAMA - BIOPSIA,2,2,130260,2021-07,F
0203020073 EXAME ANATOMOPATOLOGICO DE MAMA - PECA CIRURGICA,2,2,130260,2021-07,F
0203020081 EXAME ANATOMO-PATOLOGICO DO COLO UTERINO - BIOPSIA,1,1,130260,2021-07,F
0204010055 RADIOGRAFIA DE ARTICULACAO TEMPORO-MANDIBULAR BILATERAL,3,3,130260,2021-07,F
0204010063 RADIOGRAFIA DE CAVUM (LATERAL + HIRTZ),26,26,130260,2021-07,F
0204010071 RADIOGRAFIA DE CRANIO (PA + LATERAL + OBLIQUA / BRETTON + HIRTZ),16,16,130260,2021-07,F
0204010080 RADIOGRAFIA DE CRANIO (PA + LATERAL),83,83,130260,2021-07,F
0204010110 RADIOGRAFIA DE MAXILAR (PA + OBLIQUA),2,2,130260,2021-07,F
0204010128 RADIOGRAFIA DE OSSOS DA FACE (MN + LATERAL + HIRTZ),14,14,130260,2021-07,F
0204010144 RADIOGRAFIA DE SEIOS DA FACE (FN + MN + LATERAL + HIRTZ),84,84,130260,2021-07,F
0204010152 RADIOGRAFIA DE SELA TURSICA (PA + LATERAL + BRETTON),2,2,130260,2021-07,F
0204010179 RADIOGRAFIA PANORAMICA,49,49,130260,2021-07,F
0204010217 RADIOGRAFIA INTERPROXIMAL (BITE WING),82,82,130260,2021-07,F
0204010225 RADIOGRAFIA PERIAPICAL,275,275,130260,2021-07,F
0204020026 PLANIGRAFIA DE COLUNA VERTEBRAL,2,2,130260,2021-07,F
0204020034 RADIOGRAFIA DE COLUNA CERVICAL (AP + LATERAL + TO + OBLIQUAS),97,97,130260,2021-07,F
0204020042 RADIOGRAFIA DE COLUNA CERVICAL (AP + LATERAL + TO / FLEXAO),65,65,130260,2021-07,F
0204020050 RADIOGRAFIA DE COLUNA CERVICAL FUNCIONAL / DINAMICA,21,21,130260,2021-07,F
0204020069 RADIOGRAFIA DE COLUNA LOMBO-SACRA,493,493,130260,2021-07,F
0204020077 RADIOGRAFIA DE COLUNA LOMBO-SACRA (C/ OBLIQUAS),4,4,130260,2021-07,F
0204020085 RADIOGRAFIA DE COLUNA LOMBO-SACRA FUNCIONAL / DINAMICA,6,6,130260,2021-07,F
0204020093 RADIOGRAFIA DE COLUNA TORACICA (AP + LATERAL),205,205,130260,2021-07,F
0204020107 RADIOGRAFIA DE COLUNA TORACO-LOMBAR,80,80,130260,2021-07,F
0204020115 RADIOGRAFIA DE COLUNA TORACO-LOMBAR DINAMICA,15,15,130260,2021-07,F
0204020123 RADIOGRAFIA DE REGIAO SACRO-COCCIGEA,10,10,130260,2021-07,F
0204020131 RADIOGRAFIA PANORAMICA DE COLUNA TOTAL- TELESPONDILOGRAFIA ( P/ ESCOLIOSE),5,5,130260,2021-07,F
0204030030 MAMOGRAFIA,111,111,130260,2021-07,F
0204030048 MARCACAO PRE-CIRURGICA DE LESAO NAO PALPAVEL DE MAMA ASSOCIADA A MAMOGRAFIA,2,2,130260,2021-07,F
0204030072 RADIOGRAFIA DE COSTELAS (POR HEMITORAX),2,2,130260,2021-07,F
0204030080 RADIOGRAFIA DE ESOFAGO,42,42,130260,2021-07,F
0204030129 RADIOGRAFIA DE TORAX (APICO-LORDORTICA),4,4,130260,2021-07,F
0204030137 RADIOGRAFIA DE TORAX (PA + INSPIRACAO + EXPIRACAO + LATERAL),269,269,130260,2021-07,F
0204030145 RADIOGRAFIA DE TORAX (PA + LATERAL + OBLIQUA),237,237,130260,2021-07,F
0204030153 RADIOGRAFIA DE TORAX (PA E PERFIL),1557,1557,130260,2021-07,F
0204030161 RADIOGRAFIA DE TORAX (PA PADRAO OIT),19,19,130260,2021-07,F
0204030170 RADIOGRAFIA DE TORAX (PA),1323,1323,130260,2021-07,F
0204030188 MAMOGRAFIA BILATERAL PARA RASTREAMENTO,2652,2652,130260,2021-07,F
0204040019 RADIOGRAFIA DE ANTEBRACO,75,75,130260,2021-07,F
0204040027 RADIOGRAFIA DE ARTICULACAO ACROMIO-CLAVICULAR,4,4,130260,2021-07,F
0204040035 RADIOGRAFIA DE ARTICULACAO ESCAPULO-UMERAL,4,4,130260,2021-07,F
0204040051 RADIOGRAFIA DE BRACO,50,50,130260,2021-07,F
0204040060 RADIOGRAFIA DE CLAVICULA,11,11,130260,2021-07,F
0204040078 RADIOGRAFIA DE COTOVELO,60,60,130260,2021-07,F
0204040086 RADIOGRAFIA DE DEDOS DA MAO,20,20,130260,2021-07,F
0204040094 RADIOGRAFIA DE MAO,139,139,130260,2021-07,F
0204040108 RADIOGRAFIA DE MAO E PUNHO (P/ DETERMINACAO DE IDADE OSSEA),29,29,130260,2021-07,F
0204040116 RADIOGRAFIA DE ESCAPULA/OMBRO (TRES POSICOES),130,130,130260,2021-07,F
0204040124 RADIOGRAFIA DE PUNHO (AP + LATERAL + OBLIQUA),103,103,130260,2021-07,F
0204050014 CLISTER OPACO C/ DUPLO CONTRASTE,1,1,130260,2021-07,F
0204050111 RADIOGRAFIA DE ABDOMEN (AP + LATERAL / LOCALIZADA),42,42,130260,2021-07,F
0204050120 RADIOGRAFIA DE ABDOMEN AGUDO (MINIMO DE 3 INCIDENCIAS),13,13,130260,2021-07,F
0204050138 RADIOGRAFIA DE ABDOMEN SIMPLES (AP),163,163,130260,2021-07,F
0204050146 RADIOGRAFIA DE ESTOMAGO E DUODENO,5,5,130260,2021-07,F
0204060028 DENSITOMETRIA OSSEA DUO-ENERGETICA DE COLUNA (VERTEBRAS LOMBARES E/OU FEMUR),506,506,130260,2021-07,F
0204060036 ESCANOMETRIA,17,17,130260,2021-07,F
0204060060 RADIOGRAFIA DE ARTICULACAO COXO-FEMORAL,31,31,130260,2021-07,F
0204060079 RADIOGRAFIA DE ARTICULACAO SACRO-ILIACA,17,17,130260,2021-07,F
0204060087 RADIOGRAFIA DE ARTICULACAO TIBIO-TARSICA,97,97,130260,2021-07,F
0204060095 RADIOGRAFIA DE BACIA,180,180,130260,2021-07,F
0204060109 RADIOGRAFIA DE CALCANEO,31,31,130260,2021-07,F
0204060117 RADIOGRAFIA DE COXA,40,40,130260,2021-07,F
0204060125 RADIOGRAFIA DE JOELHO (AP + LATERAL),246,246,130260,2021-07,F
0204060133 RADIOGRAFIA DE JOELHO OU PATELA (AP + LATERAL + AXIAL),61,61,130260,2021-07,F
0204060141 RADIOGRAFIA DE JOELHO OU PATELA (AP + LATERAL + OBLIQUA + 3 AXIAIS),45,45,130260,2021-07,F
0204060150 RADIOGRAFIA DE PE / DEDOS DO PE,165,165,130260,2021-07,F
0204060168 RADIOGRAFIA DE PERNA,75,75,130260,2021-07,F
0204060176 RADIOGRAFIA PANORAMICA DE MEMBROS INFERIORES,12,12,130260,2021-07,F
0205010016 ECOCARDIOGRAFIA DE ESTRESSE,2,2,130260,2021-07,F
0205010032 ECOCARDIOGRAFIA TRANSTORACICA,247,247,130260,2021-07,F
0205010040 ULTRASSONOGRAFIA DOPPLER COLORIDO DE VASOS,118,118,130260,2021-07,F
0205010059 ULTRASSONOGRAFIA DOPPLER DE FLUXO OBSTETRICO,281,281,130260,2021-07,F
0205020020 PAQUIMETRIA ULTRASSONICA,443,443,130260,2021-07,F
0205020038 ULTRASSONOGRAFIA DE ABDOMEN SUPERIOR,221,221,130260,2021-07,F
0205020046 ULTRASSONOGRAFIA DE ABDOMEN TOTAL,3076,3076,130260,2021-07,F
0205020054 ULTRASSONOGRAFIA DE APARELHO URINARIO,615,615,130260,2021-07,F
0205020062 ULTRASSONOGRAFIA DE ARTICULACAO,587,587,130260,2021-07,F
0205020089 ULTRASSONOGRAFIA DE GLOBO OCULAR / ORBITA (MONOCULAR),398,398,130260,2021-07,F
0205020097 ULTRASSONOGRAFIA MAMARIA BILATERAL,1342,1342,130260,2021-07,F
0205020127 ULTRASSONOGRAFIA DE TIREOIDE,848,848,130260,2021-07,F
0205020135 ULTRASSONOGRAFIA DE TORAX (EXTRACARDIACA),5,5,130260,2021-07,F
0205020143 ULTRASSONOGRAFIA OBSTETRICA,4293,4293,130260,2021-07,F
0205020151 ULTRASSONOGRAFIA OBSTETRICA C/ DOPPLER COLORIDO E PULSADO,141,141,130260,2021-07,F
0205020160 ULTRASSONOGRAFIA PELVICA (GINECOLOGICA),451,451,130260,2021-07,F
0205020178 ULTRASSONOGRAFIA TRANSFONTANELA,4,4,130260,2021-07,F
0205020186 ULTRASSONOGRAFIA TRANSVAGINAL,2696,2696,130260,2021-07,F
0206010010 TOMOGRAFIA COMPUTADORIZADA DE COLUNA CERVICAL C/ OU S/ CONTRASTE,67,67,130260,2021-07,F
0206010028 TOMOGRAFIA COMPUTADORIZADA DE COLUNA LOMBO-SACRA C/ OU S/ CONTRASTE,91,91,130260,2021-07,F
0206010036 TOMOGRAFIA COMPUTADORIZADA DE COLUNA TORACICA C/ OU S/ CONTRASTE,35,35,130260,2021-07,F
0206010044 TOMOGRAFIA COMPUTADORIZADA DE FACE / SEIOS DA FACE / ARTICULACOES TEMPORO-MANDIBULARES,162,162,130260,2021-07,F
0206010052 TOMOGRAFIA COMPUTADORIZADA DO PESCOCO,65,65,130260,2021-07,F
0206010060 TOMOGRAFIA COMPUTADORIZADA DE SELA TURCICA,4,4,130260,2021-07,F
0206010079 TOMOGRAFIA COMPUTADORIZADA DO CRANIO,1458,1458,130260,2021-07,F
0206020015 TOMOGRAFIA COMPUTADORIZADA DE ARTICULACOES DE MEMBRO SUPERIOR,27,27,130260,2021-07,F
"0206020023 TOMOGRAFIA COMPUTADORIZADA DE SEGMENTOS APENDICULARES - (BRACO, ANTEBRACO, MAO, COXA, PERNA, PE)",14,14,130260,2021-07,F
0206020031 TOMOGRAFIA COMPUTADORIZADA DE TORAX,1583,1583,130260,2021-07,F
0206030010 TOMOGRAFIA COMPUTADORIZADA DE ABDOMEN SUPERIOR,1405,1405,130260,2021-07,F
0206030029 TOMOGRAFIA COMPUTADORIZADA DE ARTICULACOES DE MEMBRO INFERIOR,25,25,130260,2021-07,F
0206030037 TOMOGRAFIA COMPUTADORIZADA DE PELVE / BACIA / ABDOMEN INFERIOR,871,871,130260,2021-07,F
0207010013 ANGIORESSONANCIA CEREBRAL,24,24,130260,2021-07,F
0207010021 RESSONANCIA MAGNETICA DE ARTICULACAO TEMPORO-MANDIBULAR (BILATERAL),8,8,130260,2021-07,F
0207010030 RESSONANCIA MAGNETICA DE COLUNA CERVICAL/PESCOCO,120,120,130260,2021-07,F
0207010048 RESSONANCIA MAGNETICA DE COLUNA LOMBO-SACRA,331,331,130260,2021-07,F
0207010056 RESSONANCIA MAGNETICA DE COLUNA TORACICA,76,76,130260,2021-07,F
0207010064 RESSONANCIA MAGNETICA DE CRANIO,291,291,130260,2021-07,F
0207010072 RESSONANCIA MAGNETICA DE SELA TURCICA,21,21,130260,2021-07,F
0207020027 RESSONANCIA MAGNETICA DE MEMBRO SUPERIOR (UNILATERAL),48,48,130260,2021-07,F
0207020035 RESSONANCIA MAGNETICA DE TORAX,8,8,130260,2021-07,F
0207030014 RESSONANCIA MAGNETICA DE ABDOMEN SUPERIOR,136,136,130260,2021-07,F
0207030022 RESSONANCIA MAGNETICA DE BACIA / PELVE / ABDOMEN INFERIOR,318,318,130260,2021-07,F
0207030030 RESSONANCIA MAGNETICA DE MEMBRO INFERIOR (UNILATERAL),145,145,130260,2021-07,F
0207030049 RESSONANCIA MAGNETICA DE VIAS BILIARES/COLANGIORRESSONANCIA,128,128,130260,2021-07,F
0208010025 CINTILOGRAFIA DE MIOCARDIO P/ AVALIACAO DA PERFUSAO EM SITUACAO DE ESTRESSE (MINIMO 3 PROJECOES),33,33,130260,2021-07,F
0208010033 CINTILOGRAFIA DE MIOCARDIO P/ AVALIACAO DA PERFUSAO EM SITUACAO DE REPOUSO (MINIMO 3 PROJECOES),33,33,130260,2021-07,F
0208030026 CINTILOGRAFIA DE TIREOIDE COM OU SEM CAPTACAO,3,3,130260,2021-07,F
0208040056 CINTILOGRAFIA RENAL/RENOGRAMA (QUALITATIVA E/OU QUANTITATIVA),10,10,130260,2021-07,F
0208040099 DETERMINACAO DE FLUXO PLASMATICO RENAL,5,5,130260,2021-07,F
0208040102 ESTUDO RENAL DINAMICO C/ OU S/ DIURETICO,5,5,130260,2021-07,F
0208050035 CINTILOGRAFIA DE OSSOS COM OU SEM FLUXO SANGUINEO (CORPO INTEIRO),16,16,130260,2021-07,F
0208070036 CINTILOGRAFIA DE PULMAO POR INALACAO (MINIMO 2 PROJECOES),1,1,130260,2021-07,F
0208070044 CINTILOGRAFIA DE PULMAO POR PERFUSAO (MINIMO 4 PROJECOES),1,1,130260,2021-07,F
0208080040 LINFOCINTILOGRAFIA,1,1,130260,2021-07,F
0209010029 COLONOSCOPIA (COLOSCOPIA),16,16,130260,2021-07,F
0209010037 ESOFAGOGASTRODUODENOSCOPIA,81,81,130260,2021-07,F
0209010053 RETOSSIGMOIDOSCOPIA,12,12,130260,2021-07,F
0209020016 CISTOSCOPIA E/OU URETEROSCOPIA E/OU URETROSCOPIA,8,8,130260,2021-07,F
0209040017 BRONCOSCOPIA (BRONCOFIBROSCOPIA),5,5,130260,2021-07,F
0209040025 LARINGOSCOPIA,25,25,130260,2021-07,F
0209040041 VIDEOLARINGOSCOPIA,124,124,130260,2021-07,F
0210010070 ARTERIOGRAFIA DE MEMBRO,2,2,130260,2021-07,F
0210010185 FLEBOGRAFIA DE CAVA INFERIOR E/OU SUPERIOR,3,3,130260,2021-07,F
0211020010 CATETERISMO CARDIACO,35,35,130260,2021-07,F
0211020036 ELETROCARDIOGRAMA,931,931,130260,2021-07,F
0211020052 MONITORIZACAO AMBULATORIAL DE PRESSAO ARTERIAL (MAPA),35,35,130260,2021-07,F
0211020060 TESTE DE ESFORCO / TESTE ERGOMETRICO,3,3,130260,2021-07,F
0211030040 AVALIACAO DE FUNCAO E MECANICA RESPIRATORIA,319,319,130260,2021-07,F
0211030074 AVALIACAO FUNCIONAL MUSCULAR,998,998,130260,2021-07,F
0211040029 COLPOSCOPIA,225,225,130260,2021-07,F
0211040061 TOCOCARDIOGRAFIA ANTE-PARTO,238,238,130260,2021-07,F
0211050024 ELETROENCEFALOGRAFIA EM VIGILIA C/ OU S/ FOTO-ESTIMULO,17,17,130260,2021-07,F
0211050059 ELETROENCEFALOGRAMA QUANTITATIVO C/ MAPEAMENTO (EEG),23,23,130260,2021-07,F
0211060011 BIOMETRIA ULTRASSONICA (MONOCULAR),253,253,130260,2021-07,F
0211060020 BIOMICROSCOPIA DE FUNDO DE OLHO,812,812,130260,2021-07,F
0211060038 CAMPIMETRIA COMPUTADORIZADA OU MANUAL COM GRAFICO,643,643,130260,2021-07,F
0211060054 CERATOMETRIA,241,241,130260,2021-07,F
0211060062 CURVA DIARIA DE PRESSAO OCULAR CDPO (MINIMO 3 MEDIDAS),284,284,130260,2021-07,F
0211060100 FUNDOSCOPIA,539,539,130260,2021-07,F
0211060119 GONIOSCOPIA,136,136,130260,2021-07,F
0211060127 MAPEAMENTO DE RETINA,905,905,130260,2021-07,F
0211060135 MEDIDA DE OFUSCAMENTO E CONTRASTE,6,6,130260,2021-07,F
0211060143 MICROSCOPIA ESPECULAR DE CORNEA,563,563,130260,2021-07,F
0211060151 POTENCIAL DE ACUIDADE VISUAL,22,22,130260,2021-07,F
0211060178 RETINOGRAFIA COLORIDA BINOCULAR,236,236,130260,2021-07,F
0211060186 RETINOGRAFIA FLUORESCENTE BINOCULAR,9,9,130260,2021-07,F
0211060224 TESTE DE VISAO DE CORES,74,74,130260,2021-07,F
0211060232 TESTE ORTOPTICO,17,17,130260,2021-07,F
0211060259 TONOMETRIA,1198,1198,130260,2021-07,F
0211060267 TOPOGRAFIA COMPUTADORIZADA DE CORNEA,371,371,130260,2021-07,F
0211060283 TOMOGRAFIA DE COERENCIA OPTICA,31,31,130260,2021-07,F
0211070025 AUDIOMETRIA DE REFORCO VISUAL (VIA AEREA / OSSEA),6,6,130260,2021-07,F
0211070033 AUDIOMETRIA EM CAMPO LIVRE,37,37,130260,2021-07,F
0211070041 AUDIOMETRIA TONAL LIMIAR (VIA AEREA / OSSEA),149,149,130260,2021-07,F
0211070050 AVALIACAO AUDITIVA COMPORTAMENTAL,1,1,130260,2021-07,F
0211070068 AVALIACAO DE LINGUAGEM ESCRITA / LEITURA,6,6,130260,2021-07,F
0211070076 AVALIACAO DE LINGUAGEM ORAL,80,80,130260,2021-07,F
0211070084 AVALIACAO MIOFUNCIONAL DE SISTEMA ESTOMATOGNATICO,127,127,130260,2021-07,F
0211070092 AVALIACAO P/ DIAGNOSTICO DE DEFICIENCIA AUDITIVA,102,102,130260,2021-07,F
0211070106 AVALIACAO P/ DIAGNOSTICO DIFERENCIAL DE DEFICIENCIA AUDITIVA,31,31,130260,2021-07,F
0211070114 AVALIACAO VOCAL,17,17,130260,2021-07,F
0211070149 EMISSOES OTOACUSTICAS EVOCADAS PARA TRIAGEM AUDITIVA (TESTE DA ORELHINHA),20,20,130260,2021-07,F
0211070157 ESTUDO DE EMISSOES OTOACUSTICAS EVOCADAS TRANSITORIAS E PRODUTOS DE DISTORCAO (EOA),74,74,130260,2021-07,F
0211070173 EXAME DE ORGANIZACAO PERCEPTIVA,1,1,130260,2021-07,F
0211070203 IMITANCIOMETRIA,106,106,130260,2021-07,F
0211070211 LOGOAUDIOMETRIA (LDV-IRF-LRF),132,132,130260,2021-07,F
0211070246 PESQUISA DE GANHO DE INSERCAO,4,4,130260,2021-07,F
0211070262 POTENCIAL EVOCADO AUDITIVO DE CURTA MEDIA E LONGA LATENCIA,15,15,130260,2021-07,F
0211070270 POTENCIAL EVOCADO AUDITIVO PARA TRIAGEM AUDITIVA (TESTE DA ORELHINHA),65,65,130260,2021-07,F
0211070297 REAVALIACAO DIAGNOSTICA DE DEFICIENCIA AUDITIVA EM PACIENTE MAIOR DE 3 ANOS,56,56,130260,2021-07,F
0211070319 SELECAO E VERIFICACAO DE BENEFICIO DO AASI,108,108,130260,2021-07,F
0211070351 TESTES VESTIBULARES / OTONEUROLOGICOS,1,1,130260,2021-07,F
0211070386 MAPEAMENTO E BALANCEAMENTO DOS ELETRODOS,4,4,130260,2021-07,F
0211070394 POTENCIAL EVOCADO ELETRICAMENTE NO SISTEMA AUDITIVO,1,1,130260,2021-07,F
0211070408 REFLEXO ESTAPEDIANO ELICIADO ELETRICAMENTE,1,1,130260,2021-07,F
0211080055 ESPIROMETRIA OU PROVA DE FUNCAO PULMONAR COMPLETA COM BRONCODILATADOR,29,29,130260,2021-07,F
0212010026 EXAMES PRE-TRANSFUSIONAIS I,487,487,130260,2021-07,F
0212010034 EXAMES PRE-TRANSFUSIONAIS II,457,457,130260,2021-07,F
0212020030 IRRADIACAO DE SANGUE E COMPONENTES DESTINADOS A TRANSFUSAO,1,1,130260,2021-07,F
0213010011 DETERMINACAO DE CARGA VIRAL DO HIV POR RT-PCR,19,19,130260,2021-07,F
0213010054 EXAME PARASITOLOGICO DIRETO P/ LEISHMANIAS (LEISHMANIOSE TEGUMENTAR AMERICANA),1,1,130260,2021-07,F
0213010143 HISTOPATOLOGIA P/ IDENTIFICACAO DE HEPATITE C,193,193,130260,2021-07,F
0213010461 PESQUISA DE TRIPANOSSOMAS (NO BARBEIRO),3,3,130260,2021-07,F
0213010500 QUANTIFICACAO DA CARGA VIRAL DO HIV (RNA),1,1,130260,2021-07,F
0213010577 TESTE DE ELISA IGG P/ IDENTIFICACAO DO TOXOPLASMA GONDII (TOXOPLASMOSE),105,105,130260,2021-07,F
0213010720 PESQUISA DE SARS-COV-2 POR RT - PCR,216,216,130260,2021-07,F
0214010015 GLICEMIA CAPILAR,18,18,130260,2021-07,F
0214010040 TESTE RAPIDO PARA DETECCAO DE HIV NA GESTANTE OU PAI/PARCEIRO,813,813,130260,2021-07,F
0214010058 TESTE RAPIDO PARA DETECCAO DE INFECCAO PELO HIV,714,714,130260,2021-07,F
0214010066 TESTE RAPIDO DE GRAVIDEZ,27,27,130260,2021-07,F
0214010074 TESTE RAPIDO PARA SIFILIS,286,286,130260,2021-07,F
0214010082 TESTE RAPIDO PARA SIFILIS NA GESTANTE OU PAI/PARCEIRO,557,557,130260,2021-07,F
0214010090 TESTE RAPIDO PARA DETECCAO DE HEPATITE C,874,874,130260,2021-07,F
0214010104 TESTE RAPIDO PARA DETECCAO DE INFECCAO PELO HBV,508,508,130260,2021-07,F
0214010120 TESTE RAPIDO PARA DENGUE IGG/IGM,35,35,130260,2021-07,F
0214010163 TESTE RAPIDO PARA DETECCAO DE SARS-COVID-2,788,788,130260,2021-07,F
0301010048 CONSULTA DE PROFISSIONAIS DE NIVEL SUPERIOR NA ATENCAO ESPECIALIZADA (EXCETO MEDICO),8890,8890,130260,2021-07,F
0301010064 CONSULTA MEDICA EM ATENCAO PRIMARIA,1,1,130260,2021-07,F
0301010072 CONSULTA MEDICA EM ATENCAO ESPECIALIZADA,11185,11185,130260,2021-07,F
0301010110 CONSULTA PRE-NATAL,32,32,130260,2021-07,F
0301010137 CONSULTA/ATENDIMENTO DOMICILIAR,2,2,130260,2021-07,F
0301010153 PRIMEIRA CONSULTA ODONTOLOGICA PROGRAMATICA,1,1,130260,2021-07,F
0301010161 CONSULTA/ATENDIMENTO DOMICILIAR NA ATENCAO ESPECIALIZADA,4,4,130260,2021-07,F
0301010226 ACONSELHAMENTO GENETICO,1,1,130260,2021-07,F
0301010307 TELECONSULTA MEDICA NA ATENCAO ESPECIALIZADA,7,7,130260,2021-07,F
0301010315 TELECONSULTA POR PROFISSIONAIS DE NIVEL SUPERIOR NA ATENCAO ESPECIALIZADA (EXCETO MEDICO),3,3,130260,2021-07,F
0301020019 ACOMPANHAMENTO DE PACIENTE PORTADOR DE AGRAVOS RELACIONADOS AO TRABALHO,1,1,130260,2021-07,F
0301020035 EMISSAO DE PARECER SOBRE NEXO CAUSAL,153,153,130260,2021-07,F
0301040044 TERAPIA INDIVIDUAL,966,966,130260,2021-07,F
0301040052 ATENDIMENTO MULTIPROFISSIONAL PARA ATENCAO AS PESSOAS EM SITUACAO DE VIOLENCIA SEXUAL,147,147,130260,2021-07,F
0301040079 ESCUTA INICIAL / ORIENTACAO (ACOLHIMENTO A DEMANDA ESPONT NEA),165,165,130260,2021-07,F
0301040141 INSERCAO DO DISPOSITIVO INTRA-UTERINO (DIU),8,8,130260,2021-07,F
0301050031 ASSISTENCIA DOMICILIAR POR EQUIPE MULTIPROFISSIONAL NA ATENCAO ESPECIALIZADA,15,15,130260,2021-07,F
0301060029 ATENDIMENTO DE URGENCIA C/ OBSERVACAO ATE 24 HORAS EM ATENCAO ESPECIALIZADA,7316,7316,130260,2021-07,F
0301060061 ATENDIMENTO DE URGENCIA EM ATENCAO ESPECIALIZADA,34860,34860,130260,2021-07,F
0301060096 ATENDIMENTO MEDICO EM UNIDADE DE PRONTO ATENDIMENTO,5477,5477,130260,2021-07,F
0301060100 ATENDIMENTO ORTOPEDICO COM IMOBILIZACAO PROVISORIA,7,7,130260,2021-07,F
0301060118 ACOLHIMENTO COM CLASSIFICACAO DE RISCO,4924,4924,130260,2021-07,F
0301070024 ACOMPANHAMENTO DE PACIENTE EM REABILITACAO EM COMUNICACAO ALTERNATIVA,81,81,130260,2021-07,F
0301070032 ACOMPANHAMENTO DE PACIENTE P/ ADAPTACAO DE APARELHO DE AMPLIFICACAO SONORA INDIVIDUAL (AASI) UNI / B,132,132,130260,2021-07,F
0301070040 ACOMPANHAMENTO NEUROPSICOLOGICO DE PACIENTE EM REABILITACAO,518,518,130260,2021-07,F
0301070059 ACOMPANHAMENTO PSICOPEDAGOGICO DE PACIENTE EM REABILITACAO,67,67,130260,2021-07,F
0301070067 ATENDIMENTO / ACOMPANHAMENTO EM REABILITACAO NAS MULTIPLAS DEFICIENCIAS,1061,1061,130260,2021-07,F
0301070075 ATENDIMENTO / ACOMPANHAMENTO DE PACIENTE EM REABILITACAO DO DESENVOLVIMENTO NEUROPSICOMOTOR,836,836,130260,2021-07,F
0301070105 ATENDIMENTO/ACOMPANHAMENTO INTENSIVO DE PACIENTE EM REABILITACAO FISICA (1 TURNO PACIENTE-DIA - 15,610,610,130260,2021-07,F
0301070113 TERAPIA FONOAUDIOLOGICA INDIVIDUAL,819,819,130260,2021-07,F
0301070121 TRATAMENTO INTENSIVO DE PACIENTE EM REABILITACAO FISICA (1 TURNO PACIENTE- DIA - 20 ATENDIMENTOS-M,860,860,130260,2021-07,F
0301070199 ACOMPANHAMENTO DE PACIENTE COM IMPLANTE COCLEAR,6,6,130260,2021-07,F
0301080143 ATENDIMENTO EM OFICINA TERAPEUTICA I - SAUDE MENTAL,18,18,130260,2021-07,F
0301080151 ATENDIMENTO EM OFICINA TERAPEUTICA II - SAUDE MENTAL,41,41,130260,2021-07,F
0301080178 ATENDIMENTO INDIVIDUAL EM PSICOTERAPIA,129,129,130260,2021-07,F
0301080194 ACOLHIMENTO DIURNO DE PACIENTE EM CENTRO DE ATENCAO PSICOSSOCIAL,87,87,130260,2021-07,F
0301080208 ATENDIMENTO INDIVIDUAL DE PACIENTE EM CENTRO DE ATENCAO PSICOSSOCIAL,2669,2669,130260,2021-07,F
0301080216 ATENDIMENTO EM GRUPO DE PACIENTE EM CENTRO DE ATENCAO PSICOSSOCIAL,170,170,130260,2021-07,F
0301080224 ATENDIMENTO FAMILIAR EM CENTRO DE ATENCAO PSICOSSOCIAL,981,981,130260,2021-07,F
0301080232 ACOLHIMENTO INICIAL POR CENTRO DE ATENCAO PSICOSSOCIAL,513,513,130260,2021-07,F
0301080240 ATENDIMENTO DOMICILIAR PARA PACIENTES DE CENTRO DE ATENCAO PSICOSSOCIAL E/OU FAMILIARES,40,40,130260,2021-07,F
0301080275 PRATICAS CORPORAIS EM CENTRO DE ATENCAO PSICOSSOCIAL,1,1,130260,2021-07,F
0301080283 PRATICAS EXPRESSIVAS E COMUNICATIVAS EM CENTRO DE ATENCAO PSICOSSOCIAL,55,55,130260,2021-07,F
0301080291 ATENCAO AS SITUACOES DE CRISE,57,57,130260,2021-07,F
0301080348 ACOES DE REABILITACAO PSICOSSOCIAL,57,57,130260,2021-07,F
0301080356 PROMOCAO DE CONTRATUALIDADE NO TERRITORIO,98,98,130260,2021-07,F
0301100012 ADMINISTRACAO DE MEDICAMENTOS NA ATENCAO ESPECIALIZADA,15938,15938,130260,2021-07,F
0301100039 AFERICAO DE PRESSAO ARTERIAL,2118,2118,130260,2021-07,F
0301100055 CATETERISMO VESICAL DE DEMORA,5,5,130260,2021-07,F
0301100063 CUIDADOS COM ESTOMAS,66,66,130260,2021-07,F
0301100098 ENEMA,5,5,130260,2021-07,F
0301100101 INALACAO / NEBULIZACAO,942,942,130260,2021-07,F
0301100144 OXIGENOTERAPIA POR DIA,4,4,130260,2021-07,F
0301100152 RETIRADA DE PONTOS DE CIRURGIAS (POR PACIENTE),19,19,130260,2021-07,F
0301100179 SONDAGEM GASTRICA,1,1,130260,2021-07,F
0301100187 TERAPIA DE REIDRATACAO ORAL,1954,1954,130260,2021-07,F
0301100195 ADMINISTRACAO DE MEDICAMENTOS POR VIA ENDOVENOSA,1039,1039,130260,2021-07,F
0301100209 ADMINISTRACAO DE MEDICAMENTOS POR VIA INTRAMUSCULAR,1104,1104,130260,2021-07,F
0301100217 ADMINISTRACAO DE MEDICAMENTOS POR VIA ORAL,165,165,130260,2021-07,F
0301100233 ADMINISTRACAO TOPICA DE MEDICAMENTO(S),15,15,130260,2021-07,F
0301100276 CURATIVO ESPECIAL,43,43,130260,2021-07,F
0301100284 CURATIVO SIMPLES,36,36,130260,2021-07,F
0301120013 ACOMPANHAMENTO DE PACIENTE COM FENILCETONURIA,9,9,130260,2021-07,F
0301120021 ACOMPANHAMENTO DE PACIENTE COM FIBROSE CISTICA,2,2,130260,2021-07,F
0301120030 ACOMPANHAMENTO DE PACIENTE COM HEMOGLOBINOPATIAS,2,2,130260,2021-07,F
0301120048 ACOMPANHAMENTO DE PACIENTE COM HIPOTIREOIDISMO CONGENITO,1,1,130260,2021-07,F
0301130019 AVALIACAO CLINICA E ELETRONICA DE DISPOSITIVO ELETRICO CARDIACO IMPLANTAVEL,99,99,130260,2021-07,F
0302010017 ATENDIMENTO FISIOTERAPEUTICO EM PACIENTE NO PRE/POS CIRURGIAS UROGINECOLOGICAS,10,10,130260,2021-07,F
0302010025 ATENDIMENTO FISIOTERAPEUTICO EM PACIENTES C/ DISFUNCOES UROGINECOLOGICAS,14,14,130260,2021-07,F
0302020012 ATENDIMENTO FISIOTERAPEUTICO DE PACIENTE COM CUIDADOS PALIATIVOS,9,9,130260,2021-07,F
0302020020 ATENDIMENTO FISIOTERAPEUTICO EM PACIENTE ONCOLOGICO CLINICO,397,397,130260,2021-07,F
0302020039 ATENDIMENTO FISIOTERAPEUTICO EM PACIENTE NO PRE E POS CIRURGIA ONCOLOGICA,1,1,130260,2021-07,F
0302040013 ATENDIMENTO FISIOTERAPEUTICO EM PACIENTE COM TRANSTORNO RESPIRATORIO COM COMPLICACOES SISTEMICAS,1457,1457,130260,2021-07,F
0302040021 ATENDIMENTO FISIOTERAPEUTICO EM PACIENTE COM TRANSTORNO RESPIRATORIO SEM COMPLICACOES SISTEMICAS,389,389,130260,2021-07,F
0302040030 ATENDIMENTO FISIOTERAPEUTICO EM PACIENTE COM TRANSTORNO CLINICO CARDIOVASCULAR,219,219,130260,2021-07,F
0302040048 ATENDIMENTO FISIOTERAPEUTICO EM PACIENTE PRE/POS CIRURGIA CARDIOVASCULAR,56,56,130260,2021-07,F
0302040056 ATENDIMENTO FISIOTERAPEUTICO NAS DISFUNCOES VASCULARES PERIFERICAS,7,7,130260,2021-07,F
0302050019 ATENDIMENTO FISIOTERAPEUTICO EM PACIENTES NO PRE E POS-OPERATORIO NAS DISFUNCOES MUSCULO ESQUE,2293,2293,130260,2021-07,F
0302050027 ATENDIMENTO FISIOTERAPEUTICO NAS ALTERACOES MOTORAS,14368,14368,130260,2021-07,F
0302060014 ATENDIMENTO FISIOTERAPEUTICO EM PACIENTES COM DISTURBIOS NEURO-CINETICO-FUNCIONAIS SEM COMPLICAC,234,234,130260,2021-07,F
0302060022 ATENDIMENTO FISIOTERAPEUTICO EM PACIENTES COM DISTURBIOS NEURO-CINETICO-FUNCIONAIS COM COMPLICAC,1081,1081,130260,2021-07,F
0302060030 ATENDIMENTO FISIOTERAPEUTICO NAS DESORDENS DO DESENVOLVIMENTO NEURO MOTOR,31,31,130260,2021-07,F
0302060049 ATENDIMENTO FISIOTERAPEUTICO EM PACIENTE C/ COMPROMETIMENTO COGNITIVO,54,54,130260,2021-07,F
0302060057 ATENDIMENTO FISIOTERAPEUTICO EM PACIENTE NO PRE/POS-OPERATORIO DE NEUROCIRURGIA,47,47,130260,2021-07,F
0303020016 PULSOTERAPIA I (POR APLICACAO),17,17,130260,2021-07,F
0303020024 PULSOTERAPIA II (POR APLICACAO),2,2,130260,2021-07,F
0303060263 TRATAMENTO DE PE DIABETICO COMPLICADO,6,6,130260,2021-07,F
0303080019 CAUTERIZACAO QUIMICA DE PEQUENAS LESOES,3,3,130260,2021-07,F
"0303090030 INFILTRACAO DE SUBSTANCIAS EM CAVIDADE SINOVIAL (ARTICULACAO, BAINHA TENDINOSA)",5,5,130260,2021-07,F
0303090073 REVISAO COM TROCA DE APARELHO GESSADO EM MEMBRO INFERIOR,183,183,130260,2021-07,F
0303090090 REVISAO COM TROCA DE APARELHO GESSADO EM MEMBRO SUPERIOR,82,82,130260,2021-07,F
0303090120 TRATAMENTO CONSERVADOR DE FRATURA NA CINTURA ESCAPULAR (COM IMOBILIZACAO),2,2,130260,2021-07,F
0303090154 TRATAMENTO CONSERVADOR DE FRATURA DE PUNHO COM LUVA GESSADA,9,9,130260,2021-07,F
0303090162 TRATAMENTO CONSERVADOR DE FRATURA DE OSSO METACARPICO,1,1,130260,2021-07,F
0303090200 TRATAMENTO CONSERVADOR DE FRATURA EM MEMBRO INFERIOR COM IMOBILIZACAO,12,12,130260,2021-07,F
0303090219 TRATAMENTO CONSERVADOR DE LESAO DA COLUNA CERVICAL COM IMOBILIZACAO,38,38,130260,2021-07,F
0303090227 TRATAMENTO CONSERVADOR DE FRATURA EM MEMBRO SUPERIOR COM IMOBILIZACAO,44,44,130260,2021-07,F
0303120061 TRATAMENTO DE HIPERTIREOIDISMO (PLUMMER - ATE 30 MCI),1,1,130260,2021-07,F
0303120070 TRATAMENTO DE HIPERTIREOIDISMO GRAVES,2,2,130260,2021-07,F
0303190019 TRATAMENTO EM REABILITACAO,4,4,130260,2021-07,F
0304010367 RADIOTERAPIA DE CABECA E PESCOCO,2,2,130260,2021-07,F
0304010375 RADIOTERAPIA DO APARELHO DIGESTIVO,4,4,130260,2021-07,F
"0304010383 RADIOTERAPIA DE TRAQUEIA, BRONQUIO, PULMAO, PLEURA E MEDIASTINO",3,3,130260,2021-07,F
0304010391 RADIOTERAPIA DE OSSOS/CARTILAGENS/PARTES MOLES,4,4,130260,2021-07,F
0304010413 RADIOTERAPIA DE MAMA,22,22,130260,2021-07,F
0304010421 RADIOTERAPIA DE CANCER GINECOLOGICO,35,35,130260,2021-07,F
0304010430 BRAQUITERAPIA GINECOLOGICA,25,25,130260,2021-07,F
0304010510 RADIOTERAPIA ESTEREOTAXICA,2,2,130260,2021-07,F
0304010529 RADIOTERAPIA DE METASTASE EM SISTEMA NERVOSO CENTRAL,1,1,130260,2021-07,F
0304010537 RADIOTERAPIA DE PLASMOCITOMA / MIELOMA / METASTASES EM OUTRAS LOCALIZACOES,11,11,130260,2021-07,F
0304010553 RADIOTERAPIA DE LINFOMA E LEUCEMIA,2,2,130260,2021-07,F
0304020010 QUIMIOTERAPIA DO ADENOCARCINOMA DE COLON AVANCADO -1¶¦ LINHA,4,4,130260,2021-07,F
0304020028 QUIMIOTERAPIA DO ADENOCARCINOMA DE COLON AVANCADO - 2¶¦ LINHA,1,1,130260,2021-07,F
0304020036 HORMONIOTERAPIA DO ADENOCARCINOMA DE ENDOMETRIO AVANCADO,5,5,130260,2021-07,F
0304020044 QUIMIOTERAPIA DO ADENOCARCINOMA DE ESTOMAGO AVANCADO,6,6,130260,2021-07,F
0304020052 QUIMIOTERAPIA DO ADENOCARCINOMA DE PANCREAS AVANCADO,2,2,130260,2021-07,F
0304020095 QUIMIOTERAPIA DO CARCINOMA DE RETO AVANCADO -1¶¦ LINHA,8,8,130260,2021-07,F
0304020109 QUIMIOTERAPIA DO CARCINOMA DE RETO AVANCADO - 2¶¦ LINHA,1,1,130260,2021-07,F
0304020117 QUIMIOTERAPIA DO APUDOMA/TUMOR NEUROENDOCRINO AVANCADO,4,4,130260,2021-07,F
0304020133 QUIMIOTERAPIA DO CARCINOMA DE MAMA AVANCADO -1¶¦ LINHA,55,55,130260,2021-07,F
0304020141 QUIMIOTERAPIA DO CARCINOMA DE MAMA AVANCADO - 2¶¦ LINHA,8,8,130260,2021-07,F
0304020168 QUIMIOTERAPIA DO CARCINOMA DE RIM AVANCADO,4,4,130260,2021-07,F
0304020176 QUIMIOTERAPIA DO CARCINOMA EPIDERMOIDE / ADENOCARCINOMA DE ESOFAGO AVANCADO,1,1,130260,2021-07,F
0304020184 QUIMIOTERAPIA DO CARCINOMA EPIDERMOIDE / ADENOCARCINOMA DO COLO OU DO CORPO UTERINO AVANCADO,30,30,130260,2021-07,F
0304020192 QUIMIOTERAPIA DO CARCINOMA EPIDERMOIDE DE CANAL ANAL/ MARGEM ANAL AVANCADO,3,3,130260,2021-07,F
0304020206 QUIMIOTERAPIA DO CARCINOMA EPIDERMOIDE DE CABECA E PESCOCO AVANCADO,8,8,130260,2021-07,F
0304020214 QUIMIOTERAPIA DO CARCINOMA PULMONAR DE CELULAS NAO PEQUENAS AVANCADO,15,15,130260,2021-07,F
0304020222 QUIMIOTERAPIA DO CARCINOMA PULMONAR INDIFERENCIADO DE CELULAS PEQUENAS AVANCADO,2,2,130260,2021-07,F
0304020249 QUIMIOTERAPIA DE METASTASE DE ADENOCARCINOMA DE ORIGEM DESCONHECIDA,3,3,130260,2021-07,F
0304020257 QUIMIOTERAPIA DE METASTASE DE CARCINOMA EPIDERMOIDE/CARCINOMA NEUROENDOCRINO DE ORIGEM DESCONHECIDA,3,3,130260,2021-07,F
0304020273 QUIMIOTERAPIA DE NEOPLASIA MALIGNA EPITELIAL DE OVARIO OU DE TUBA UTERINA AVANCADA -1¶¦ LINHA,8,8,130260,2021-07,F
0304020281 QUIMIOTERAPIA DE NEOPLASIA MALIGNA EPITELIAL DE OVARIO OU DE TUBA UTERINA AVANCADA - 2¶¦ LINHA),2,2,130260,2021-07,F
0304020290 QUIMIOTERAPIA DE SARCOMA DE PARTES MOLES AVANCADO,3,3,130260,2021-07,F
0304020311 QUIMIOTERAPIA DO TUMOR DO ESTROMA GASTROINTESTINAL AVANCADO,5,5,130260,2021-07,F
0304020320 QUIMIOTERAPIA DE TUMOR DO SISTEMA NERVOSO CENTRAL AVANCADO,1,1,130260,2021-07,F
0304020338 HORMONIOTERAPIA DO CARCINOMA DE MAMA AVANCADO - 2¶¦ LINHA,33,33,130260,2021-07,F
0304020346 HORMONIOTERAPIA DO CARCINOMA DE MAMA AVANCADO- 1¶¦ LINHA,76,76,130260,2021-07,F
0304020362 QUIMIOTERAPIA DO CARCINOMA DE TIREOIDE AVANCADO,1,1,130260,2021-07,F
0304020389 QUIMIOTERAPIA DE CARCINOMA DO FIGADO OU DO TRATO BILIAR AVANCADO,6,6,130260,2021-07,F
0304020400 QUIMIOTERAPIA DE CARCINOMA UROTELIAL AVANCADO,1,1,130260,2021-07,F
0304020419 POLIQUIMIOTERAPIA DO CARCINOMA DE MAMA HER-2 POSITIVO ¶- 1¶¦ LINHA,21,21,130260,2021-07,F
0304020427 MONOQUIMIOTERAPIA DO CARCINOMA DE MAMA HER-2 POSITIVO ¶- 1¶¦ LINHA,9,9,130260,2021-07,F
0304020435 POLIQUIMIOTERAPIA COM DUPLO ANTI HER-2 DO CARCINOMA DE MAMA HER-2 POSITIVO 1¶¦ LINHA,52,52,130260,2021-07,F
0304030031 QUIMIOTERAPIA DE DOENCA MIELOPROLIFERATIVA RARA - 1¶¦ LINHA,32,32,130260,2021-07,F
0304030074 QUIMIOTERAPIA DE LEUCEMIA MIELOIDE CRONICA QUALQUER FASE - CONTROLE SANGUINEO,5,5,130260,2021-07,F
0304030082 QUIMIOTERAPIA DA LEUCEMIA MIELOIDE CRONICA EM FASE BLASTICA - MARCADOR POSITIVO - 2¶¦ LINHA,1,1,130260,2021-07,F
0304030112 QUIMIOTERAPIA DA LEUCEMIA MIELOIDE CRONICA EM FASE CRONICA - MARCADOR POSITIVO - 1¶¦ LINHA,41,41,130260,2021-07,F
0304030155 QUIMIOTERAPIA DE LEUCEMIA MIELOIDE CRONICA EM FASE DE TRANSFORMACAO - MARCADOR POSITIVO - SEM FAS,1,1,130260,2021-07,F
0304030163 QUIMIOTERAPIA DE LINFOMA NAO HODGKIN DE BAIXO GRAU DE MALIGNIDADE (1¶¦ LINHA),4,4,130260,2021-07,F
0304030171 QUIMIOTERAPIA DE LINFOMA NAO HODGKIN DE BAIXO GRAU DE MALIGNIDADE - 2¶¦LINHA,3,3,130260,2021-07,F
0304030180 QUIMIOTERAPIA DE NEOPLASIA DE CELULAS PLASMATICAS - 1¶¦ LINHA,11,11,130260,2021-07,F
0304030198 QUIMIOTERAPIA DE NEOPLASIA DE CELULAS PLASMATICAS - 2¶¦ LINHA,2,2,130260,2021-07,F
0304030228 QUIMIOTERAPIA DE LEUCEMIA MIELOIDE CRONICA EM FASE CRONICA - MARCADOR POSITIVO - 2¶¦ LINHA,20,20,130260,2021-07,F
0304030252 QUIMIOTERAPIA DE MIELOMA MULTIPLO ¶- 1¶¦ LINHA,3,3,130260,2021-07,F
0304040010 QUIMIOTERAPIA DO ADENOCARCINOMA DE RETO (PREVIA),1,1,130260,2021-07,F
0304040029 QUIMIOTERAPIA DO CARCINOMA DE MAMA (PREVIA),69,69,130260,2021-07,F
0304040045 QUIMIOTERAPIA DO CARCINOMA EPIDERMOIDE / ADENOCARCINOMA DO COLO UTERINO,51,51,130260,2021-07,F
0304040053 QUIMIOTERAPIA DO CARCINOMA EPIDERMOIDE DE RETO/ CANAL ANAL/ MARGEM ANAL,3,3,130260,2021-07,F
0304040096 QUIMIOTERAPIA DO CARCINOMA PULMONAR DE CELULAS NAO PEQUENAS (PREVIA),1,1,130260,2021-07,F
0304040169 QUIMIOTERAPIA DE SARCOMA OSSEO / OSTEOSSARCOMA - 1¶¦ LINHA,1,1,130260,2021-07,F
0304040185 POLIQUIMIOTERAPIA DO CARCINOMA DE MAMA HER-2 POSITIVO EM ESTADIO III (PREVIA),14,14,130260,2021-07,F
0304040193 HORMONIOTERAPIA DO CARCINOMA DE MAMA EM ESTADIO III (PREVIA),6,6,130260,2021-07,F
0304050016 QUIMIOTERAPIA INTRA-VESICAL,3,3,130260,2021-07,F
0304050024 QUIMIOTERAPIA DE ADENOCARCINOMA DE COLON,8,8,130260,2021-07,F
0304050040 HORMONIOTERAPIA DO CARCINOMA DE MAMA EM ESTADIO I,170,170,130260,2021-07,F
0304050067 QUIMIOTERAPIA DO CARCINOMA DE MAMA EM ESTADIO III,14,14,130260,2021-07,F
0304050075 QUIMIOTERAPIA DO CARCINOMA DE MAMA EM ESTADIO II,26,26,130260,2021-07,F
0304050113 HORMONIOTERAPIA DO CARCINOMA DE MAMA EM ESTADIO III,258,258,130260,2021-07,F
0304050121 HORMONIOTERAPIA DO CARCINOMA DE MAMA EM ESTADIO II,334,334,130260,2021-07,F
0304050130 QUIMIOTERAPIA DO CARCINOMA DE MAMA EM ESTADIO I,4,4,130260,2021-07,F
0304050172 QUIMIOTERAPIA DO CARCINOMA PULMONAR DE CELULAS NAO PEQUENAS (ADJUVANTE),1,1,130260,2021-07,F
0304050202 QUIMIOTERAPIA DE NEOPLASIA MALIGNA EPITELIAL DE OVARIO OU DA TUBA UTERINA,7,7,130260,2021-07,F
0304050253 QUIMIOTERAPIA DO ADENOCARCINOMA DE ESTOMAGO (POS OPERATORIA),6,6,130260,2021-07,F
0304050261 POLIQUIMIOTERAPIA DO CARCINOMA DE MAMA HER-2 POSITIVO EM ESTADIO I (ADJUVANTE),1,1,130260,2021-07,F
0304050270 POLIQUIMIOTERAPIA DO CARCINOMA DE MAMA HER-2 POSITIVO EM ESTADIO II (ADJUVANTE),14,14,130260,2021-07,F
0304050288 POLIQUIMIOTERAPIA DO CARCINOMA DE MAMA HER-2 POSITIVO EM ESTADIO III (ADJUVANTE),15,15,130260,2021-07,F
0304050296 MONOQUIMIOTERAPIA DO CARCINOMA DE MAMA HER-2 POSITIVO EM ESTADIO I (ADJUVANTE),5,5,130260,2021-07,F
0304050300 MONOQUIMIOTERAPIA DO CARCINOMA DE MAMA HER-2 POSITIVO EM ESTADIO II (ADJUVANTE),5,5,130260,2021-07,F
0304050318 MONOQUIMIOTERAPIA DO CARCINOMA DE MAMA HER-2 POSITIVO EM ESTADIO III (ADJUVANTE),9,9,130260,2021-07,F
0304060011 QUIMIOTERAPIA DA DOENCA DE HODGKIN - 1¶¦ LINHA,6,6,130260,2021-07,F
0304060070 QUIMIOTERAPIA DE LEUCEMIA AGUDA/ MIELODISPLASIA / LINFOMA DE BURKITT - 1¶¦ LINHA,9,9,130260,2021-07,F
0304060119 QUIMIOTERAPIA DE LINFOMA NAO HODGKIN GRAU INTERMEDIARIO OU ALTO - 2¶¦ LINHA,2,2,130260,2021-07,F
0304060178 QUIMIOTERAPIA DE NEOPLASIA TROFOBLASTICA GESTACIONAL - BAIXO RISCO,1,1,130260,2021-07,F
0304060224 QUIMIOTERAPIA DE LINFOMA DIFUSO DE GRANDES CELULAS B ¶- 1¶¦ LINHA,2,2,130260,2021-07,F
"0304060232 QUIMIOTERAPIA DE LEUCEMIA LINFOIDE/LINFOBLASTICA AGUDA, LINFOMA LINFOBLASTICO, LEUCEMIA MIELOIDE AG",1,1,130260,2021-07,F
"0304060240 QUIMIOTERAPIA DE LEUCEMIA LINFOIDE/LINFOBLASTICA AGUDA , LINFOMA LINFOBLASTICO, LEUCEMIA MIELOIDE A",1,1,130260,2021-07,F
0304070017 QUIMIOTERAPIA DE CANCER NA INFANCIA E ADOLESCENCIA - 1¶¦ LINHA,20,20,130260,2021-07,F
0304070025 QUIMIOTERAPIA DE CANCER NA INFANCIA E ADOLESCENCIA - 2¶¦ LINHA,2,2,130260,2021-07,F
0304070041 QUIMIOTERAPIA DE CANCER NA INFANCIA E ADOLESCENCIA - 3¶¦ LINHA,2,2,130260,2021-07,F
"0304070068 QUIMIOTERAPIA DE LEUCEMIA LINFOIDE/LINFOBLASTICA AGUDA , LINFOMA LINFOBLASTICO, LEUCEMIA MIELOIDE A",22,22,130260,2021-07,F
"0304070076 QUIMIOTERAPIA DE LEUCEMIA LINFOIDE/LINFOBLASTICA AGUDA, LEUCEMIA MIELOIDE AGUDA E LEUCEMIA PROMIELO",13,13,130260,2021-07,F
0304080012 FATOR ESTIMULANTE DO CRESCIMENTO DE COLONIAS DE GRANULOCITOS / MACROFAGOS,3,3,130260,2021-07,F
0304080071 INIBIDOR DA OSTEOLISE,99,99,130260,2021-07,F
0305010093 HEMODIALISE (MAXIMO 1 SESSAO POR SEMANA - EXCEPCIONALIDADE),139,139,130260,2021-07,F
0305010107 HEMODIALISE (MAXIMO 3 SESSOES POR SEMANA),4815,4815,130260,2021-07,F
0305010115 HEMODIALISE EM PACIENTE COM SOROLOGIA POSITIVA PARA HIV E/OU HEPATITE B E/OU HEPATITE C (MAXIMO 3 S,287,287,130260,2021-07,F
0305010123 HEMODIALISE EM PACIENTE COM SOROLOGIA POSITIVA PARA HIV E/OU HEPATITE B E/OU HEPATITE C (EXCEPCIONAL,4,4,130260,2021-07,F
0305010166 MANUTENCAO E ACOMPANHAMENTO DOMICILIAR DE PACIENTE SUBMETIDO A DPA /DPAC,18,18,130260,2021-07,F
0306020017 AFERESE TERAPEUTICA,11,11,130260,2021-07,F
0306020041 SANGRIA TERAPEUTICA,5,5,130260,2021-07,F
0306020068 TRANSFUSAO DE CONCENTRADO DE HEMACIAS,268,268,130260,2021-07,F
0306020076 TRANSFUSAO DE CONCENTRADO DE PLAQUETAS,459,459,130260,2021-07,F
0306020106 TRANSFUSAO DE PLASMA FRESCO,8,8,130260,2021-07,F
0306020122 TRANSFUSAO DE SANGUE / COMPONENTES IRRADIADOS,2,2,130260,2021-07,F
0307010015 CAPEAMENTO PULPAR,18,18,130260,2021-07,F
0307010031 RESTAURACAO DE DENTE PERMANENTE ANTERIOR COM RESINA COMPOSTA,44,44,130260,2021-07,F
0307010082 RESTAURACAO DE DENTE DECIDUO POSTERIOR COM RESINA COMPOSTA,39,39,130260,2021-07,F
0307010090 RESTAURACAO DE DENTE DECIDUO POSTERIOR COM AMALGAMA,31,31,130260,2021-07,F
0307010104 RESTAURACAO DE DENTE DECIDUO POSTERIOR COM IONOMERO DE VIDRO,13,13,130260,2021-07,F
0307010112 RESTAURACAO DE DENTE DECIDUO ANTERIOR COM RESINA COMPOSTA,22,22,130260,2021-07,F
0307010120 RESTAURACAO DE DENTE PERMANENTE POSTERIOR COM RESINA COMPOSTA,174,174,130260,2021-07,F
0307010139 RESTAURACAO DE DENTE PERMANENTE POSTERIOR COM AMALGAMA,17,17,130260,2021-07,F
0307020010 ACESSO A POLPA DENTARIA E MEDICACAO (POR DENTE),41,41,130260,2021-07,F
0307020029 CURATIVO DE DEMORA C/ OU S/ PREPARO BIOMECANICO,31,31,130260,2021-07,F
0307020037 TRATAMENTO ENDODONTICO DE DENTE DECIDUO,1,1,130260,2021-07,F
0307020045 TRATAMENTO ENDODONTICO DE DENTE PERMANENTE BIRRADICULAR,19,19,130260,2021-07,F
0307020053 TRATAMENTO ENDODONTICO DE DENTE PERMANENTE COM TRES OU MAIS RAIZES,17,17,130260,2021-07,F
0307020061 TRATAMENTO ENDODONTICO DE DENTE PERMANENTE UNIRRADICULAR,29,29,130260,2021-07,F
0307020088 RETRATAMENTO ENDODONTICO EM DENTE PERMANENTE BI-RADICULAR,6,6,130260,2021-07,F
0307020096 RETRATAMENTO ENDODONTICO EM DENTE PERMANENTE COM 3 OU MAIS RAIZES,2,2,130260,2021-07,F
0307030024 RASPAGEM ALISAMENTO SUBGENGIVAIS (POR SEXTANTE),34,34,130260,2021-07,F
0307030032 RASPAGEM CORONO-RADICULAR (POR SEXTANTE),88,88,130260,2021-07,F
0307030040 PROFILAXIA / REMOCAO DA PLACA BACTERIANA,8,8,130260,2021-07,F
0307030059 RASPAGEM ALISAMENTO E POLIMENTO SUPRAGENGIVAIS (POR SEXTANTE),12,12,130260,2021-07,F
0307040011 COLOCACAO DE PLACA DE MORDIDA,4,4,130260,2021-07,F
0307040070 MOLDAGEM DENTO-GENGIVAL P/ CONSTRUCAO DE PROTESE DENTARIA,34,34,130260,2021-07,F
0307040127 MANUTENCAO/CONSERTO DE APARELHO ORTODONTICO/ORTOPEDICO,20,20,130260,2021-07,F
0309030102 LITOTRIPSIA EXTRACORPOREA (ONDA DE CHOQUE - TRATATAMENTO SUBSEQUENTE EM 1 REGIAO RENAL),24,24,130260,2021-07,F
0309030129 LITOTRIPSIA EXTRACORPOREA (ONDA DE CHOQUE PARCIAL / COMPLETA EM 1 REGIAO RENAL),64,64,130260,2021-07,F
0309050014 SESSAO DE ACUPUNTURA APLICACAO DE VENTOSAS / MOXA,25,25,130260,2021-07,F
0309050022 SESSAO DE ACUPUNTURA COM INSERCAO DE AGULHAS,50,50,130260,2021-07,F
0309050030 SESSAO DE ELETROESTIMULACAO,1028,1028,130260,2021-07,F
0309050049 SESSAO DE AURICULOTERAPIA,168,168,130260,2021-07,F
0309050057 SESSAO DE MASSOTERAPIA,350,350,130260,2021-07,F
0401010015 CURATIVO GRAU II C/ OU S/ DEBRIDAMENTO,5621,5621,130260,2021-07,F
0401010031 DRENAGEM DE ABSCESSO,4,4,130260,2021-07,F
0401010040 ELETROCOAGULACAO DE LESAO CUTANEA,17,17,130260,2021-07,F
0401010058 EXCISAO DE LESAO E/OU SUTURA DE FERIMENTO DA PELE ANEXOS E MUCOSA,877,877,130260,2021-07,F
0401010066 EXCISAO E/OU SUTURA SIMPLES DE PEQUENAS LESOES / FERIMENTOS DE PELE / ANEXOS E MUCOSA,2,2,130260,2021-07,F
0401010074 EXERESE DE TUMOR DE PELE E ANEXOS / CISTO SEBACEO / LIPOMA,47,47,130260,2021-07,F
0401010082 FRENECTOMIA/FRENOTOMIA,1,1,130260,2021-07,F
0401010090 FULGURACAO / CAUTERIZACAO QUIMICA DE LESOES CUTANEAS,36,36,130260,2021-07,F
0401010104 INCISAO E DRENAGEM DE ABSCESSO,186,186,130260,2021-07,F
0401010112 RETIRADA DE CORPO ESTRANHO SUBCUTANEO,13,13,130260,2021-07,F
0401010120 RETIRADA DE LESAO POR SHAVING,16,16,130260,2021-07,F
0404010270 REMOCAO DE CERUMEN DE CONDUTO AUDITIVO EXTERNO UNI / BILATERAL,42,42,130260,2021-07,F
0404010300 RETIRADA DE CORPO ESTRANHO DA CAVIDADE AUDITIVA E NASAL,2,2,130260,2021-07,F
0404010318 RETIRADA DE CORPO ESTRANHO DE OUVIDO / FARINGE / LARINGE / NARIZ,214,214,130260,2021-07,F
0404020054 DRENAGEM DE ABSCESSO DA BOCA E ANEXOS,6,6,130260,2021-07,F
0404020097 EXCISAO E SUTURA DE LESAO NA BOCA,6,6,130260,2021-07,F
0405010010 CORRECAO CIRURGICA DE ENTROPIO E ECTROPIO,2,2,130260,2021-07,F
0405010079 EXERESE DE CALAZIO E OUTRAS PEQUENAS LESOES DA PALPEBRA E SUPERCILIOS,3,3,130260,2021-07,F
0405010125 RECONSTITUICAO PARCIAL DE PALPEBRA COM TARSORRAFIA,1,1,130260,2021-07,F
0405010176 SUTURA DE PALPEBRAS,2,2,130260,2021-07,F
0405010184 TRATAMENTO CIRURGICO DE BLEFAROCALASE,1,1,130260,2021-07,F
0405030045 FOTOCOAGULACAO A LASER,1,1,130260,2021-07,F
0405030053 INJECAO INTRA-VITREO,21,21,130260,2021-07,F
0405030134 VITRECTOMIA ANTERIOR,6,6,130260,2021-07,F
0405030193 PAN-FOTOCOAGULACAO DE RETINA A LASER,3,3,130260,2021-07,F
0405030223 REMOCAO DE OLEO DE SILICONE,2,2,130260,2021-07,F
0405040130 INJECAO RETROBULBAR / PERIBULBAR,1,1,130260,2021-07,F
0405040202 TRATAMENTO DE PTOSE PALPEBRAL,2,2,130260,2021-07,F
0405050020 CAPSULOTOMIA A YAG LASER,40,40,130260,2021-07,F
0405050089 EXERESE DE TUMOR DE CONJUNTIVA,1,1,130260,2021-07,F
0405050097 FACECTOMIA C/ IMPLANTE DE LENTE INTRA-OCULAR,2,2,130260,2021-07,F
0405050143 IMPLANTE INTRA-ESTROMAL,1,1,130260,2021-07,F
0405050194 IRIDOTOMIA A LASER,2,2,130260,2021-07,F
0405050224 RECONSTITUICAO DE FORNIX CONJUNTIVAL,2,2,130260,2021-07,F
0405050259 RETIRADA DE CORPO ESTRANHO DA CORNEA,2,2,130260,2021-07,F
0405050321 TRABECULECTOMIA,1,1,130260,2021-07,F
0405050364 TRATAMENTO CIRURGICO DE PTERIGIO,79,79,130260,2021-07,F
0405050372 FACOEMULSIFICACAO C/ IMPLANTE DE LENTE INTRA-OCULAR DOBRAVEL,285,285,130260,2021-07,F
0405050399 TRATAMENTO CIRURGICO DE DEISCENCIA DE SUTURA DE CORNEA,1,1,130260,2021-07,F
0406020205 LINFADENECTOMIA PROFUNDA,1,1,130260,2021-07,F
0406020620 RETIRADA DE CATETER DE LONGA PERMANENCIA SEMI OU TOTALMENTE IMPLANTAVEL,4,4,130260,2021-07,F
0407010246 RETIRADA DE CORPO ESTRANHO DO TUBO DIGESTIVO POR ENDOSCOPIA,3,3,130260,2021-07,F
0407010254 RETIRADA DE POLIPO DO TUBO DIGESTIVO POR ENDOSCOPIA,1,1,130260,2021-07,F
0407010327 TRATAMENTO ESCLEROSANTE DE LESOES NAO HEMORRAGICAS DO APARELHO DIGESTIVO INCLUINDO LIGADURA ELASTICA,3,3,130260,2021-07,F
0407040196 PARACENTESE ABDOMINAL,16,16,130260,2021-07,F
0408010134 REDUCAO INCRUENTA DE LUXACAO OU FRATURA / LUXACAO ESCAPULO-UMERAL,1,1,130260,2021-07,F
0408020156 REDUCAO INCRUENTA DE FRATURA / LESAO FISARIA DE COTOVELO,1,1,130260,2021-07,F
0408020164 REDUCAO INCRUENTA DE FRATURA / LESAO FISARIA DO EXTREMO PROXIMAL DO UMERO,1,1,130260,2021-07,F
0408020172 REDUCAO INCRUENTA DE FRATURA / LESAO FISARIA NO PUNHO,19,19,130260,2021-07,F
0408020199 REDUCAO INCRUENTA DE FRATURA DA DIAFISE DO UMERO,2,2,130260,2021-07,F
0408020202 REDUCAO INCRUENTA DE FRATURA DIAFISARIA DOS OSSOS DO ANTEBRACO,24,24,130260,2021-07,F
0408020229 REDUCAO INCRUENTA DE LUXACAO / FRATURA-LUXACAO DO COTOVELO,11,11,130260,2021-07,F
0408020245 REDUCAO INCRUENTA DE LUXACAO OU FRATURA / LUXACAO NO PUNHO,1,1,130260,2021-07,F
0408050195 REDUCAO INCRUENTA DA LUXACAO / FRATURA-LUXACAO METATARSO-FALANGIANA / INTERFALANGIANA DO PE,4,4,130260,2021-07,F
0408050225 REDUCAO INCRUENTA DE FRATURA DIAFISARIA / LESAO FISARIA DISTAL DA TIBIA C/ OU S/ FRATURA DA FIBULA,3,3,130260,2021-07,F
0408050250 REDUCAO INCRUENTA DE FRATURA OU LESAO FISARIA DO JOELHO,1,1,130260,2021-07,F
0408050276 REDUCAO INCRUENTA DE LUXACAO FEMURO-PATELAR,2,2,130260,2021-07,F
0408060352 RETIRADA DE FIO OU PINO INTRA-OSSEO,3,3,130260,2021-07,F
0409010090 CISTOSTOMIA,1,1,130260,2021-07,F
0409010154 EXTRACAO ENDOSCOPICA DE CORPO ESTRANHO / CALCULO EM URETER,1,1,130260,2021-07,F
0409060089 EXCISAO TIPO I DO COLO UTERINO,21,21,130260,2021-07,F
0409060305 EXCISAO TIPO 2 DO COLO UTERINO,38,38,130260,2021-07,F
0409070122 DRENAGEM DE GLANDULA DE BARTHOLIN / SKENE,6,6,130260,2021-07,F
0410010014 DRENAGEM DE ABSCESSO DE MAMA,1,1,130260,2021-07,F
0410010022 ESVAZIAMENTO PERCUTANEO DE CISTO MAMARIO,2,2,130260,2021-07,F
0410010030 EXERESE DE MAMA SUPRANUMERARIA,1,1,130260,2021-07,F
0411020013 CURETAGEM POS-ABORTAMENTO / PUERPERAL,11,11,130260,2021-07,F
0412050170 TORACOCENTESE/DRENAGEM DE PLEURA,3,3,130260,2021-07,F
0413040011 AUTONOMIZACAO DE RETALHO,1,1,130260,2021-07,F
0414010256 TRATAMENTO CIRURGICO DE FISTULA ORO-SINUSAL / ORO-NASAL,1,1,130260,2021-07,F
0414020057 CORRECAO DE IRREGULARIDADES DE REBORDO ALVEOLAR,8,8,130260,2021-07,F
0414020073 CURETAGEM PERIAPICAL,24,24,130260,2021-07,F
0414020120 EXODONTIA DE DENTE DECIDUO,13,13,130260,2021-07,F
0414020138 EXODONTIA DE DENTE PERMANENTE,6,6,130260,2021-07,F
0414020146 EXODONTIA MULTIPLA COM ALVEOLOPLASTIA POR SEXTANTE,15,15,130260,2021-07,F
0414020154 GENGIVECTOMIA (POR SEXTANTE),6,6,130260,2021-07,F
0414020162 GENGIVOPLASTIA (POR SEXTANTE),1,1,130260,2021-07,F
0414020200 MARSUPIALIZACAO DE CISTOS E PSEUDOCISTOS,1,1,130260,2021-07,F
0414020219 ODONTOSECCAO / RADILECTOMIA / TUNELIZACAO,2,2,130260,2021-07,F
0414020278 REMOCAO DE DENTE RETIDO (INCLUSO / IMPACTADO),78,78,130260,2021-07,F
0414020375 TRATAMENTO CIRURGICO PERIODONTAL (POR SEXTANTE),4,4,130260,2021-07,F
0415040035 DEBRIDAMENTO DE ULCERA / DE TECIDOS DESVITALIZADOS,5,5,130260,2021-07,F
0415040043 DEBRIDAMENTO DE ULCERA / NECROSE,603,603,130260,2021-07,F
0417010052 ANESTESIA REGIONAL,333,333,130260,2021-07,F
0417010060 SEDACAO,70,70,130260,2021-07,F
0418010030 CONFECCAO DE FISTULA ARTERIO-VENOSA P/ HEMODIALISE,22,22,130260,2021-07,F
0418010048 IMPLANTE DE CATETER DE LONGA PERMANENCIA P/ HEMODIALISE,13,13,130260,2021-07,F
0418010064 IMPLANTE DE CATETER DUPLO LUMEN P/HEMODIALISE,55,55,130260,2021-07,F
0418010080 IMPLANTE DE CATETER TIPO TENCKHOFF OU SIMILAR P/ DPA/DPAC,2,2,130260,2021-07,F
0418020019 INTERVENCAO EM FISTULA ARTERIO-VENOSA,1,1,130260,2021-07,F
0418020035 RETIRADA DE CATETER TIPO TENCKHOFF / SIMILAR DE LONGA PERMANENCIA,8,8,130260,2021-07,F
0501010025 IDENTIFICACAO DE DOADOR APARENTADO DE CELULAS-TRONCO HEMATOPOETICAS 1A FASE (POR DOADOR TIPADO),8,8,130260,2021-07,F
0501010076 CONFIRMACAO DE IDENTIFICACAO DE DOADOR NAO APARENTADO DE CELULAS TRONCO HEMATOPOETICAS (POR DO,1,1,130260,2021-07,F
0501010106 IDENTIFICACAO DE DOADOR APARENTADO DE CELULAS TRONCO HEMATOPOETICAS 2¶¦ FASE (POR DOADOR TIPADO),1,1,130260,2021-07,F
0501020039 CONFIRMACAO DE IDENTIFICACAO DE RECEPTOR DE CELULAS TRONCO HEMATOPOETICAS,2,2,130260,2021-07,F
0501020047 IDENTIFICACAO/CONFIRMACAO DE RECEPTOR DE CELULAS TRONCO HEMATOPOETICAS,2,2,130260,2021-07,F
"0501030077 MOBILIZACAO, COLETA E ACONDICIONAMENTO DE CELULAS TRONCO HEMATOPOETICAS DE SANGUE PERIFERICO NO BRA",2,2,130260,2021-07,F
0501030093 PROCESSAMENTO DE CRIOPRESEVACAO DE MEDULA OSSEA OU DE CELULAS TRONCO HEMATOPOETICAS DE SANGUE PERIF,2,2,130260,2021-07,F
0501040064 PROVAS CRUZADAS EM RECEPTORES DE DOADORES FALECIDOS (CROSS MATCH),7,7,130260,2021-07,F
0501040080 IDENTIFICACAO DE DOADOR FALECIDO DE ORGAOS,2,2,130260,2021-07,F
0501050019 AVALIACAO DE REATIVIDADE DO RECEPTOR CONTRA PAINEL EM RECEPTORES HIPERSENSIBILIZADOS DE ORGAOS,10,10,130260,2021-07,F
0501050035 AVALIACAO DE REATIVIDADE EM RECEPTORES NAO SENSIBILIZADOS,6,6,130260,2021-07,F
0501050043 EXAMES DE PACIENTES EM LISTA DE ESPERA PARA TRANSPLANTES,2,2,130260,2021-07,F
0501050051 IDENTIFICACAO DE RECEPTOR DE ORGAOS,1,1,130260,2021-07,F
0501070028 SOROLOGIA DE POSSIVEL DOADOR DE ORGAO OU TECIDO EXCETO CORNEA,2,2,130260,2021-07,F
0501070052 EXAMES PARA INCLUSAO EM LISTA DE CANDIDATOS A TRANSPLANTE DE FIGADO,13,13,130260,2021-07,F
"0501070060 EXAMES PARA INCLUSAO EM LISTA DE CANDIDATOS A TRANSPLANTE DE PANCREAS, PULMAO OU RIM",7,7,130260,2021-07,F
"0501070087 EXAMES PARA INVESTIGACAO CLINICA NO DOADOR VIVO DE RIM, FIGADO OU PULMAO - 1¶¦ FASE",1,1,130260,2021-07,F
0501080040 DOSAGEM DE SIROLIMO (EM PACIENTE TRANSPLANTADO),1,1,130260,2021-07,F
0501080058 DOSAGEM DE TACROLIMO (EM PACIENTE TRANSPLANTADO),49,49,130260,2021-07,F
0501080066 EXAMES DE RADIOLOGIA EM PACIENTE TRANSPLANTADO,2,2,130260,2021-07,F
0501080074 EXAMES MICROBIOLOGICOS EM PACIENTE TRANSPLANTADO,1,1,130260,2021-07,F
0501080090 ULTRASSONOGRAFIA DE ORGAO TRANSPLANTADO,2,2,130260,2021-07,F
0503010022 ACOES RELACIONADAS A DOACAO DE ORGAOS E TECIDOS REALIZADAS POR EQUIPE DE OUTRO ESTABELECIMENTO,2,2,130260,2021-07,F
0503030058 RETIRADA DE GLOBO OCULAR UNI / BILATERAL (P/ TRANSPLANTE),2,2,130260,2021-07,F
0503040061 ENTREVISTA FAMILIAR PARA DOACAO DE TECIDOS DE DOADORES COM CORACAO PARADO,2,2,130260,2021-07,F
0504010026 PROCESSAMENTO DE CORNEA / ESCLERA,1,1,130260,2021-07,F
0504010034 SEPARACAO E AVALIACAO BIOMICROSCOPICA DA CORNEA,2,2,130260,2021-07,F
0505010097 TRANSPLANTE DE CORNEA,2,2,130260,2021-07,F
0506010015 ACOMPANHAMENTO DE PACIENTE POS-TRANSPLANTE DE CORNEA,2,2,130260,2021-07,F
0506010023 ACOMPANHAMENTO DE PACIENTE POS-TRANSPLANTE DE RIM FIGADO CORACAO PULMAO CELULAS-TRONCO HEMATOPOETICA,81,81,130260,2021-07,F
"0506010031 ACOMPANHAMENTO DE DOADOR VIVO POS-DOACAO DE FIGADO, PULMAO OU RIM",1,1,130260,2021-07,F
0506010040 ACOMPANHAMENTO DE PACIENTES NO PRE TRANSPLANTE DE ORGAOS,27,27,130260,2021-07,F
0604010010 MESALAZINA 400 MG (POR COMPRIMIDO),1120,1120,130260,2021-07,F
0604010036 MESALAZINA 800 MG - POR COMPRIMIDO¶ÿ,6630,6630,130260,2021-07,F
0604010095 SULFASSALAZINA 500 MG (POR COMPRIMIDO),1320,1320,130260,2021-07,F
0604020023 DEFERASIROX 250 MG (POR COMPRIMIDO)¶ÿ,60,60,130260,2021-07,F
0604020031 DEFERASIROX 500 MG (POR COMPRIMIDO)¶ÿ,120,120,130260,2021-07,F
"0604030037 CABERGOLINA 0,5 MG (POR COMPRIMIDO)",494,494,130260,2021-07,F
"0604030053 PRAMIPEXOL 0,25 MG (POR COMPRIMIDO)",4290,4290,130260,2021-07,F
0604030061 PRAMIPEXOL 1 MG (POR COMPRIMIDO),2029,2029,130260,2021-07,F
0604040059 FORMOTEROL 12 MCG + BUDESONIDA 400 MCG PO INALANTE (POR FRASCO DE 60 DOSES),566,566,130260,2021-07,F
0604040067 FORMOTEROL 6 MCG + BUDESONIDA 200 MCG PO INALANTE (POR FRASCO DE 60 DOSES),531,531,130260,2021-07,F
0604050038 CODEINA 30 MG (POR COMPRIMIDO),60,60,130260,2021-07,F
0604060017 COMPLEMENTO ALIMENTAR P/ PACIENTE FENILCETONURICO MENOR DE 1 ANO - FORMULA DE AMINOACIDOS ISENTA DE,1,1,130260,2021-07,F
0604060025 COMPLEMENTO ALIMENTAR P/ PACIENTE FENILCETONURICO MAIOR DE 1 ANO - FORMULA DE AMINOACIDOS ISENTA DE,12,12,130260,2021-07,F
0604080018 CLOROQUINA 150 MG (POR COMPRIMIDO),240,240,130260,2021-07,F
0604090013 CICLOFOSFAMIDA 50 MG (POR DRAGEA)¶ÿ,60,60,130260,2021-07,F
"0604100019 DESMOPRESSINA 0,1 MG/ML APLICACAO NASAL (POR FRASCO DE 2,5 ML",72,72,130260,2021-07,F
"0604100027 DESMOPRESSINA 0,1 MG (POR COMPRIMIDO)",60,60,130260,2021-07,F
"0604110022 GOSSERRELINA 10,80 MG INJETAVEL (POR SERINGA PREENCHIDA)",76,76,130260,2021-07,F
"0604110030 LEUPRORRELINA 3,75 MG INJETAVEL (POR FRASCO-AMPOLA)",226,226,130260,2021-07,F
"0604110049 LEUPRORRELINA 11,25 MG INJETAVEL (POR FRASCO-AMPOLA)",14,14,130260,2021-07,F
0604130015 DONEPEZILA 5 MG (POR COMPRIMIDO),812,812,130260,2021-07,F
0604130023 DONEPEZILA 10 MG (POR COMPRIMIDO),1455,1455,130260,2021-07,F
0604130031 GALANTAMINA 8 MG (POR CAPSULA DE LIBERACAO PROLONGADA),240,240,130260,2021-07,F
0604130040 GALANTAMINA 16 MG (POR CAPSULA DE LIBERACAO PROLONGADA),241,241,130260,2021-07,F
0604130058 GALANTAMINA 24 MG (POR CAPSULA DE LIBERACAO PROLONGADA),391,391,130260,2021-07,F
"0604130066 RIVASTIGMINA 1,5 MG (POR CAPSULA)",210,210,130260,2021-07,F
0604130082 RIVASTIGMINA 3 MG (POR CAPSULA),630,630,130260,2021-07,F
0604130104 RIVASTIGMINA 6 MG (POR CAPSULA),90,90,130260,2021-07,F
0604130112 PIRIDOSTIGMINA 60 MG (POR COMPRIMIDO),4980,4980,130260,2021-07,F
0604130120 RIVASTIGMINA 9 MG ADESIVO TRANSDERMICO,60,60,130260,2021-07,F
0604130139 RIVASTIGMINA 18 MG ADESIVO TRANSDERMICO,930,930,130260,2021-07,F
0604180012 CLOBAZAM 10 MG (POR COMPRIMIDO),2559,2559,130260,2021-07,F
0604190018 VIGABATRINA 500 MG (POR COMPRIMIDO),1550,1550,130260,2021-07,F
0604200013 AMANTADINA 100 MG (POR COMPRIMIDO),540,540,130260,2021-07,F
0604210019 ZIPRASIDONA 40 MG (POR CAPSULA),574,574,130260,2021-07,F
0604230010 OLANZAPINA 5 MG (POR COMPRIMIDO),1590,1590,130260,2021-07,F
0604230028 OLANZAPINA 10 MG (POR COMPRIMIDO),12639,12639,130260,2021-07,F
0604230036 QUETIAPINA 25 MG (POR COMPRIMIDO),1710,1710,130260,2021-07,F
0604230044 QUETIAPINA 100 MG (POR COMPRIMIDO),8010,8010,130260,2021-07,F
0604230052 QUETIAPINA 200 MG (POR COMPRIMIDO),8190,8190,130260,2021-07,F
0604230060 QUETIAPINA 300 MG (POR COMPRIMIDO),182,182,130260,2021-07,F
0604230087 CLOZAPINA 100 MG (POR COMPRIMIDO),6856,6856,130260,2021-07,F
"0604240066 LARONIDASE 0,58 MG SOLUCAO INJETAVEL (FRASCO DE 5 ML)",50,50,130260,2021-07,F
0604250010 FILGRASTIM 300 MCG INJETAVEL (POR FRASCO AMPOLA OU SERINGA PREENCHIDA),3,3,130260,2021-07,F
0604260016 SACARATO DE HIDROXIDO FERRICO 100 MG INJETAVEL (POR FRASCO DE 5 ML),1260,1260,130260,2021-07,F
0604290020 OCTREOTIDA LAR 20 MG INJETAVEL (POR FRASCO-AMPOLA),7,7,130260,2021-07,F
0604290039 OCTREOTIDA ¶ÿLAR 30 MG INJETAVEL (POR FRASCO-AMPOLA),2,2,130260,2021-07,F
"0604310056 IMUNOGLOBULINA HUMANA 5,0 G INJETAVEL (POR FRASCO)",237,237,130260,2021-07,F
"0604320019 EVEROLIMO 0,5 MG (POR COMPRIMIDO)¶ÿ",612,612,130260,2021-07,F
0604320035 EVEROLIMO 1 MG (POR COMPRIMIDO)¶ÿ,745,745,130260,2021-07,F
0604320043 LEFLUNOMIDA 20 MG (POR COMPRIMIDO),10653,10653,130260,2021-07,F
0604320051 MICOFENOLATO DE MOFETILA 500 MG (POR COMPRIMIDO),1110,1110,130260,2021-07,F
0604320060 MICOFENOLATO DE SODIO 180 MG (POR COMPRIMIDO),490,490,130260,2021-07,F
0604320078 MICOFENOLATO DE SODIO 360 MG (POR COMPRIMIDO),8587,8587,130260,2021-07,F
0604320086 SIROLIMO 1 MG (POR DRAGEA),750,750,130260,2021-07,F
0604320094 SIROLIMO 2 MG (POR DRAGEA),120,120,130260,2021-07,F
0604320116 NATALIZUMABE 300MG (POR FRASCO-AMPOLA),7,7,130260,2021-07,F
"0604320132 FINGOLIMODE 0,5 MG (POR CAPSULA)",456,456,130260,2021-07,F
0604320159 TOFACITINIBE 5 MG (POR COMPRIMIDO),2940,2940,130260,2021-07,F
0604330014 ILOPROSTA 10 MCG/ML SOLUCAO PARA NEBULIZACAO (AMPOLA DE 1 ML),240,240,130260,2021-07,F
0604340028 CICLOSPORINA 25 MG (POR CAPSULA),210,210,130260,2021-07,F
0604340036 CICLOSPORINA 50 MG (POR CAPSULA),2310,2310,130260,2021-07,F
0604340044 CICLOSPORINA 100 MG (POR CAPSULA),900,900,130260,2021-07,F
0604340052 CICLOSPORINA 100 MG/ML SOLUCAO ORAL (POR FRASCO DE 50 ML),6,6,130260,2021-07,F
0604340060 TACROLIMO 1 MG (POR CAPSULA),21562,21562,130260,2021-07,F
0604340079 TACROLIMO 5 MG (POR CAPSULA),992,992,130260,2021-07,F
0604350015 SILDENAFILA 20 MG (POR COMPRIMIDO),3912,3912,130260,2021-07,F
0604360010 ATORVASTATINA 10 MG (POR COMPRIMIDO),120,120,130260,2021-07,F
0604360029 ATORVASTATINA 20 MG (POR COMPRIMIDO),1170,1170,130260,2021-07,F
0604380011 ADALIMUMABE 40 MG INJETAVEL (POR SERINGA PREENCHIDA),415,415,130260,2021-07,F
0604380020 ETANERCEPTE 25 MG INJETAVEL (POR FRASCO-AMPOLA OU SERINGA PREENCHIDA),12,12,130260,2021-07,F
0604380038 ETANERCEPTE 50MG INJETAVEL (POR FRASCO-AMPOLA OU SERINGA PREENCHIDA)(ORIGINADOR),453,453,130260,2021-07,F
0604380046 INFLIXIMABE 10 MG/ML INJETAVEL (POR FRASCO-AMPOLA COM 10 ML),6,6,130260,2021-07,F
0604380054 INFLIXIMABE 10 MG/ML INJETAVEL (POR FRASCO-AMPOLA COM 10 ML),18,18,130260,2021-07,F
0604380062 ADALIMUMABE 40 MG INJETAVEL (POR SERINGA PREENCHIDA),82,82,130260,2021-07,F
0604380070 CERTOLIZUMABE PEGOL 200 MG/ML INJETAVEL (POR SERINGA PREENCHIDA),128,128,130260,2021-07,F
0604380089 GOLIMUMABE 50 MG INJETAVEL (POR SERINGA PREENCHIDA,13,13,130260,2021-07,F
0604390041 ALFAPEGINTERFERONA 2A 180MCG (POR SERINGA PREENCHIDA),32,32,130260,2021-07,F
"0604390092 BETAINTERFERONA 1A 6000000 UI (30 MCG) INJETAVEL (POR FRASCO-AMPOLA, SERINGA PREENCHIDA OU CANETA",8,8,130260,2021-07,F
0604390106 BETAINTERFERONA 1A 12000000 UI (44 MCG) INJETAVEL (POR SERINGA PREENCHIDA),37,37,130260,2021-07,F
0604390114 BETAINTERFERONA 1B 9600000 UI (300MCG) INJETAVEL (POR FRASCO-AMPOLA),15,15,130260,2021-07,F
0604400012 SEVELAMER 800 MG (POR COMPRIMIDO),34560,34560,130260,2021-07,F
"0604420013 FLUDROCORTISONA 0,1 MG (POR COMPRIMIDO)",355,355,130260,2021-07,F
0604430019 RALOXIFENO 60 MG (POR COMPRIMIDO),210,210,130260,2021-07,F
"0604440014 ALFADORNASE 2,5 MG (POR AMPOLA)",30,30,130260,2021-07,F
0604450010 RIBAVIRINA 250 MG (POR CAPSULA),60,60,130260,2021-07,F
"0604460023 ENTECAVIR 0,5 MG (POR COMPRIMIDO)",8580,8580,130260,2021-07,F
0604460058 TENOFOVIR 300 MG (POR COMPRIMIDO),3031,3031,130260,2021-07,F
0604470045 ALFAEPOETINA 4000 UI INJETAVEL (POR FRASCO-AMPOLA),6185,6185,130260,2021-07,F
0604480016 HIDROXIUREIA 500 MG (POR CAPSULA),1160,1160,130260,2021-07,F
0604490011 ENTACAPONA 200 MG (POR COMPRIMIDO),660,660,130260,2021-07,F
0604500017 GABAPENTINA 300 MG (POR CAPSULA),12994,12994,130260,2021-07,F
0604500025 GABAPENTINA 400 MG (POR CAPSULA),3210,3210,130260,2021-07,F
0604500041 LAMOTRIGINA 50 MG (POR COMPRIMIDO),360,360,130260,2021-07,F
0604500050 LAMOTRIGINA 100 MG (POR COMPRIMIDO),5300,5300,130260,2021-07,F
0604500068 TOPIRAMATO 25 MG (POR COMPRIMIDO),932,932,130260,2021-07,F
0604500076 TOPIRAMATO 50 MG (POR COMPRIMIDO),4193,4193,130260,2021-07,F
0604500084 TOPIRAMATO 100 MG (POR COMPRIMIDO),574,574,130260,2021-07,F
0604510012 RISPERIDONA 1 MG (POR COMPRIMIDO),630,630,130260,2021-07,F
0604510020 RISPERIDONA 2 MG (POR COMPRIMIDO),240,240,130260,2021-07,F
"0604510047 RISPERIDONA 1,0 MG/ML SOLUCAO ORAL (POR FRASCO DE 30 ML)",18,18,130260,2021-07,F
0604530013 AZATIOPRINA 50 MG (POR COMPRIMIDO),20439,20439,130260,2021-07,F
"0604530021 METOTREXATO 2,5 MG (POR COMPRIMIDO)",6958,6958,130260,2021-07,F
0604540019 RILUZOL 50 MG (POR COMPRIMIDO),806,806,130260,2021-07,F
0604540035 FUMARATO DE DIMETILA 240 MG (POR CAPSULA),782,782,130260,2021-07,F
0604540043 TERIFLUNOMIDA 14 MG (POR COMPRIMIDO),240,240,130260,2021-07,F
0604550014 TOXINA BOTULINICA TIPO A 100 U INJETAVEL (POR FRASCO-AMPOLA),26,26,130260,2021-07,F
0604550022 TOXINA BOTULINICA TIPO A 500 U INJETAVEL (POR FRASCO-AMPOLA),31,31,130260,2021-07,F
0604580010 PANCREATINA 10000 UI (POR CAPSULA),60,60,130260,2021-07,F
0604580029 PANCREATINA 25000 UI (POR CAPSULA),450,450,130260,2021-07,F
0604590024 ISOTRETINOINA 20 MG (POR CAPSULA),2184,2184,130260,2021-07,F
0604600011 ACITRETINA 10 MG (POR CAPSULA),1554,1554,130260,2021-07,F
0604610017 SOMATROPINA 4 UI INJETAVEL (POR FRASCO-AMPOLA),2178,2178,130260,2021-07,F
0604610025 SOMATROPINA 12 UI INJETAVEL (POR FRASCO-AMPOLA),192,192,130260,2021-07,F
"0604620039 CALCITRIOL 0,25 MCG (POR CAPSULA)",6506,6506,130260,2021-07,F
"0604650019 BIMATOPROSTA 0,3 MG/ML SOLUCAO OFTALMICA (POR FRASCO DE 3 ML)",28,28,130260,2021-07,F
"0604650027 LATANOPROSTA 0,05 MG/ML SOLUCAO OFTALMICA (POR FRASCO DE 2,5 ML)",23,23,130260,2021-07,F
"0604650035 TRAVOPROSTA 0,04 MG/ML SOLUCAO OFTALMICA (POR FRASCO DE 2,5 ML)",40,40,130260,2021-07,F
0604660014 BRINZOLAMIDA 10 MG/ML SUSPENSAO OFTALMICA (POR FRASCO DE 5 ML),18,18,130260,2021-07,F
0604660022 DORZOLAMIDA 20 MG/ML SOLUCAO OFTALMICA (POR FRASCO DE 5 ML),87,87,130260,2021-07,F
"0604670010 BRIMONIDINA 2,0 MG/ML SOLUCAO OFTALMICA (POR FRASCO DE 5 ML)",22,22,130260,2021-07,F
0604680023 RITUXIMABE 500 MG INJETAVEL (POR FRASCO-AMPOLA DE 50 ML) (ORIGINADOR),8,8,130260,2021-07,F
0604690010 TOCILIZUMABE 20 MG/ML INJETAVEL (POR FRASCO-AMPOLA DE 4 ML),347,347,130260,2021-07,F
0604690029 SECUQUINUMABE 150 MG/ML SOLUCAO INJETAVEL (POR SERINGA PREENCHIDA),56,56,130260,2021-07,F
0604700016 CALCIPOTRIOL 50 MCG/G POMADA (POR BISNAGA DE 30 G),38,38,130260,2021-07,F
"0604740018 TIMOLOL 5,0 MG/ML SOLUCAO OFTALMICA (POR FRASCO DE 5 ML)",70,70,130260,2021-07,F
0604750021 AMBRISENTANA 10MG (POR COMPRIMIDO REVESTIDO),62,62,130260,2021-07,F
0604750048 BOSENTANA 125MG (POR COMRIMIDO REVESTIDO),600,600,130260,2021-07,F
0604770014 CINACALCETE 30 MG (POR COMPRIMIDO),2550,2550,130260,2021-07,F
0604770022 CINACALCETE 60 MG (POR COMPRIMIDO),120,120,130260,2021-07,F
0701010010 ANDADOR FIXO / ARTICULADO EM ALUMINIO COM QUATRO PONTEIRAS,2,2,130260,2021-07,F
0701010029 CADEIRA DE RODAS ADULTO / INFANTIL (TIPO PADRAO),1,1,130260,2021-07,F
0701010037 CADEIRA DE RODAS PARA BANHO COM ASSENTO SANITARIO,7,7,130260,2021-07,F
0701010053 CALCADOS ANATOMICOS COM PALMILHAS PARA PES NEUROPATICOS (PAR),6,6,130260,2021-07,F
0701010100 CARRINHO DOBRAVEL PARA TRANSPORTE DE CRIANCA COM DEFICIENCIA,1,1,130260,2021-07,F
0701010118 BENGALA CANADENSE REGULAVEL EM ALTURA (PAR),2,2,130260,2021-07,F
0701010142 PALMILHAS CONFECCIONADAS SOB MEDIDA (PAR),2,2,130260,2021-07,F
0701010150 PALMILHAS PARA PES NEUROPATICOS CONFECCIONADAS SOB MEDIDA PARA ADULTOS OU CRIANCAS (PAR),9,9,130260,2021-07,F
0701020075 ORTESE CRUROMALEOLAR PARA LIMITACAO DOS MOVIMENTOS DO JOELHO,1,1,130260,2021-07,F
0701020113 ORTESE ESTATICA IMOBILIZADORA AXILO-PALMAR TIPO AEROPLANO,3,3,130260,2021-07,F
0701020156 ORTESE METALICA CRUROPODALICA (INFANTIL E ADOLESCENTE),2,2,130260,2021-07,F
0701020210 ORTESE SUROPODALICA ARTICULADA EM POLIPROPILENO INFANTIL,4,4,130260,2021-07,F
0701020237 ORTESE SUROPODALICA SEM ARTICULACAO EM POLIPROPILENO (INFANTIL),14,14,130260,2021-07,F
0701020326 ORTESE TORACICA COLETE DINAMICA DE COMPRESSAO TORACICA,1,1,130260,2021-07,F
0701020423 PROTESE EXOESQUELETICA TRANSTIBIAL TIPO PTB-PTS-KBM,1,1,130260,2021-07,F
0701030127 APARELHO DE AMPLIFICACAO SONORA INDIVIDUAL (AASI) EXTERNO RETRO-AURICULAR TIPO A,8,8,130260,2021-07,F
0701030135 APARELHO DE AMPLIFICACAO SONORA INDIVIDUAL (AASI) EXTERNO RETRO-AURICULAR TIPO B,14,14,130260,2021-07,F
0701030143 APARELHO DE AMPLIFICACAO SONORA INDIVIDUAL (AASI) EXTERNO RETRO-AURICULAR TIPO C,63,63,130260,2021-07,F
0701030151 MOLDE AURICULAR (REPOSICAO),17,17,130260,2021-07,F
0701030275 REPOSICAO DE AASI EXTERNO RETROAURICULAR TIPO A,2,2,130260,2021-07,F
0701030283 REPOSICAO DE AASI EXTERNO RETROAURICULAR TIPO B,6,6,130260,2021-07,F
0701030291 REPOSICAO DE AASI EXTERNO RETROAURICULAR TIPO C,17,17,130260,2021-07,F
0701040017 BENGALA ARTICULADA,1,1,130260,2021-07,F
0701050020 BOLSA DE COLOSTOMIA COM ADESIVO MICROPORO DRENAVEL,597,597,130260,2021-07,F
0701050047 CONJUNTO DE PLACA E BOLSA PARA OSTOMA INTESTINAL,112,112,130260,2021-07,F
0701060018 BARREIRAS PROTETORAS DE PELE SINTETICA E/OU MISTA EM FORMA DE PO / PASTA E/OU PLACA,35,35,130260,2021-07,F
0701060026 BOLSA COLETORA P/ UROSTOMIZADOS,31,31,130260,2021-07,F
0701060042 CONJUNTO DE PLACA E BOLSA PARA UROSTOMIZADOS,11,11,130260,2021-07,F
0701070021 APARELHO ORTOPEDICO E ORTODONTICO REMOVIVEL,6,6,130260,2021-07,F
0701070056 COROA PROVISORIA,7,7,130260,2021-07,F
0701070080 PLANO INCLINADO,10,10,130260,2021-07,F
0701070099 PROTESE PARCIAL MANDIBULAR REMOVIVEL,69,69,130260,2021-07,F
0701070102 PROTESE PARCIAL MAXILAR REMOVIVEL,71,71,130260,2021-07,F
0701070129 PROTESE TOTAL MANDIBULAR,74,74,130260,2021-07,F
0701070137 PROTESE TOTAL MAXILAR,126,126,130260,2021-07,F
0701070145 PROTESES CORONARIAS / INTRA-RADICULARES FIXAS / ADESIVAS (POR ELEMENTO),11,11,130260,2021-07,F
0701090030 SUBSTITUICAO DE ESPUMA E MEIA COSMETICA EM PROTESE TRANSTIBIAL ENDOESQUELETICA,1,1,130260,2021-07,F
0701090073 SUBSTITUICAO DE PE SACH / ARTICULADO,1,1,130260,2021-07,F
0702100013 CATETER DE LONGA PERMANENCIA P/ HEMODIALISE,5,5,130260,2021-07,F
0702100021 CATETER P/ SUBCLAVIA DUPLO LUMEN P/ HEMODIALISE,54,54,130260,2021-07,F
0702100048 CONJTROCA P/DPA (PACIENTE-MES C/ INSTALACAO DOMICILIAR E MANUTENCAO DA MAQUINA CICLADORA),4,4,130260,2021-07,F
0702100064 CONJUNTO DE TROCA PARA PACIENTE SUBMETIDO A DPAC (PACIENTE-MES) CORRESPONDENTE A 120 UNIDADES,14,14,130260,2021-07,F
0702100099 DILATADOR P/ IMPLANTE DE CATETER DUPLO LUMEN,54,54,130260,2021-07,F
0702100102 GUIA METALICO P/ INTRODUCAO DE CATETER DUPLO LUMEN,55,55,130260,2021-07,F
0702120065 LIQUIDO DE PRESERVACAO PARA TRANSPLANTE DA CORNEA (20 ML),2,2,130260,2021-07,F
0803010010 AJUDA DE CUSTO P/ ALIMENTACAO/PERNOITE DE PACIENTE,2659,2659,130260,2021-07,F
0803010036 AJUDA DE CUSTO PARA ALIMENTACAO PERNOITE DE PACIENTE - (PARA TRATAMENTO CNRAC),13,13,130260,2021-07,F
0803010044 AJUDA DE CUSTO PARA ALIMENTACAO/PERNOITE DE ACOMPANHANTE,4813,4813,130260,2021-07,F
0803010060 AJUDA DE CUSTO P / ALIMENTACAO/PERNOITE DE ACOMPANHANTE - (P/TRATAMENTO CNRAC),30,30,130260,2021-07,F
0803010079 UNIDADE DE REMUNERACAO PARA DESLOCAMENTO DE ACOMPANHANTE POR TRANSPORTE AEREO (CADA 200 MILHAS),3275,3275,130260,2021-07,F
0803010087 UNIDADE DE REMUNERACAO PARA DESLOCAMENTO DE PACIENTE POR TRANSPORTE AEREO (CADA 200 MILHAS),1748,1748,130260,2021-07,F
0803010095 UNIDADE DE REMUNERACAO PARA DESLOCAMENTO DE ACOMPANHANTE POR TRANSPORTE FLUVIAL (CADA 27 MILHAS NA,3004,3004,130260,2021-07,F
0803010109 UNIDADE DE REMUNERACAO PARA DESLOCAMENTO DE ACOMPANHANTE POR TRANSPORTE TERRESTRE (CADA 50 KM DE DI,10,10,130260,2021-07,F
0803010117 UNIDADE DE REMUNERACAO PARA DESLOCAMENTO DE PACIENTE POR TRANSPORTE FLUVIAL (CADA 27 MILHAS NAUTIC,3124,3124,130260,2021-07,F
0803010125 UNIDADE DE REMUNERACAO PARA DESLOCAMENTO DE PACIENTE POR TRANSPORTE TERRESTRE (CADA 50 KM ),228,228,130260,2021-07,F
0803010133 UNIDADE DE REMUNERACAO P/DESLOCAMENTO INTERESTADUAL DE ACOMPANHANTE POR TRANSPORTE AEREO (CADA 200,13,13,130260,2021-07,F
0803010141 UNIDADE DE REMUNERACAO P/DESLOCAMENTO INTERESTADUAL DE PACIENTE POR TRANSPORTE AEREO (CADA 200 MIL,30,30,130260,2021-07,F
